genome	domain	phylum	class	order	family	genus	species	completeness	contamination	mag_size
EHA05391_bin.443	d__Bacteria	p__Bacillota_A	c__Clostridia	o__Oscillospirales	f__Oscillospiraceae	g__Alloscillospira	s__	65.1	7.08	1646586
EHA05391_bin.170	d__Bacteria	p__Bacteroidota	c__Bacteroidia	o__Bacteroidales	f__UBA932	g__Cryptobacteroides	s__	97.65	3.41	1619689
EHA05391_bin.234	d__Bacteria	p__Bacillota_A	c__Clostridia	o__Christensenellales	f__CAG-314	g__Fimimonas	s__	72.52	1.99	1825553
EHA05391_bin.339	d__Bacteria	p__Bacillota	c__Bacilli	o__ML615J-28	f__CAG-698	g__RGIG8164	s__	85.37	0.03	1493975
EHA05391_bin.89	d__Bacteria	p__Fibrobacterota	c__Fibrobacteria	o__Fibrobacterales	f__Fibrobacteraceae	g__Fibrobacter	s__	65.18	0.16	1126779
EHA05391_bin.312	d__Bacteria	p__Verrucomicrobiota	c__Kiritimatiellia	o__RFP12	f__UBA1067	g__RUG572	s__	69.23	0.71	1842032
EHA05391_bin.532	d__Bacteria	p__Bacillota_A	c__Clostridia	o__Lachnospirales	f__Lachnospiraceae	g__Wujia	s__	90.76	1.19	2056705
EHA05391_bin.413	d__Bacteria	p__Bacillota	c__Bacilli	o__RF39	f__UBA660	g__CAG-533	s__	89.56	2.18	1898908
EHA05391_bin.574	d__Bacteria	p__Bacillota_A	c__Clostridia	o__Oscillospirales	f__Acutalibacteraceae	g__SFWF01	s__	100	2.37	1409708
EHA05391_bin.120	d__Bacteria	p__Bacillota_A	c__Clostridia	o__TANB77	f__UBA1234	g__	s__	88.16	5.98	1759755
EHA05391_bin.328	d__Bacteria	p__Bacillota	c__Bacilli	o__RF39	f__UBA660	g__CALVVX01	s__	91.56	2.51	1022509
EHA05391_bin.342	d__Bacteria	p__Bacillota	c__Bacilli	o__RF39	f__UBA660	g__CAG-710	s__	99.96	1.8	1592640
EHA05391_bin.418	d__Bacteria	p__Bacillota_A	c__Clostridia	o__Lachnospirales	f__Lachnospiraceae	g__Anaerobutyricum	s__	88.52	5.69	1377120
EHA05391_bin.419	d__Bacteria	p__Bacillota_A	c__Clostridia	o__TANB77	f__UBA1234	g__RGIG6291	s__	90.67	0.45	1357545
EHA05391_bin.58	d__Bacteria	p__Bacillota_A	c__Clostridia	o__Christensenellales	f__CAG-74	g__Limiplasma	s__	97.55	0.02	2159869
EHA05391_bin.690	d__Bacteria	p__Bacillota	c__Bacilli	o__RF39	f__UBA660	g__UBA6448	s__	78.26	0.67	1942205
EHA05391_bin.262	d__Bacteria	p__Bacillota_A	c__Clostridia	o__Lachnospirales	f__Lachnospiraceae	g__	s__	88.75	1.91	3801794
EHA05391_bin.68	d__Bacteria	p__Bacteroidota	c__Bacteroidia	o__Bacteroidales	f__Paludibacteraceae	g__W0P28-013	s__	75.46	4.66	966268
EHA05391_bin.92	d__Bacteria	p__Bacillota_A	c__Clostridia	o__Peptostreptococcales	f__Anaerovoracaceae	g__Lentihominibacter	s__	80.07	0.25	1673085
EHA05391_bin.382	d__Bacteria	p__Bacillota_A	c__Clostridia	o__Oscillospirales	f__Oscillospiraceae	g__ER4	s__	92.68	4.14	1924577
EHA05391_bin.372	d__Bacteria	p__Bacillota_A	c__Clostridia	o__Oscillospirales	f__CAG-272	g__CAG-390	s__	97.05	0.08	2151315
EHA05391_bin.178	d__Bacteria	p__Bacillota	c__Bacilli	o__RFN20	f__CAG-826	g__JAAYDH01	s__	68.62	1.24	1182760
EHA05391_bin.435	d__Bacteria	p__Bacillota_A	c__Clostridia	o__Christensenellales	f__CAG-138	g__SFEL01	s__	97.93	1.57	1813250
EHA05391_bin.87	d__Bacteria	p__Desulfobacterota	c__Desulfovibrionia	o__Desulfovibrionales	f__Desulfovibrionaceae	g__	s__	80.85	1.48	2387621
EHA05391_bin.267	d__Bacteria	p__Verrucomicrobiota	c__Kiritimatiellia	o__RFP12	f__	g__	s__	93.35	4.07	2689686
EHA05391_bin.39	d__Bacteria	p__Bacillota_A	c__Clostridia	o__UMGS1810	f__UMGS1810	g__RGIG1828	s__	98.95	0.39	1682889
EHA05391_bin.568	d__Bacteria	p__Pseudomonadota	c__Alphaproteobacteria	o__RF32	f__UBA3637	g__CALXUD01	s__	77.06	0.71	1436741
EHA05391_bin.172	d__Bacteria	p__Bacillota_A	c__Clostridia	o__TANB77	f__CAG-508	g__CALXUC01	s__	98.3	0.02	1623757
EHA05391_bin.209	d__Bacteria	p__Bacillota_A	c__Clostridia	o__Christensenellales	f__Borkfalkiaceae	g__UBA1259	s__	97.63	4.22	1927604
EHA05391_bin.129	d__Bacteria	p__Bacillota_A	c__Clostridia	o__Lachnospirales	f__Lachnospiraceae	g__SIG299	s__	76.11	7.8	2487856
EHA05391_bin.103	d__Bacteria	p__Bdellovibrionota	c__UBA2361	o__UBA2361	f__CAKMMH01	g__CAKMMH01	s__CAKMMH01 sp927798255	85.69	5.14	2035372
EHA05391_bin.189	d__Bacteria	p__Bacillota_A	c__Clostridia	o__Oscillospirales	f__Oscillospiraceae	g__UBA738	s__	79.2	1.68	1391316
EHA05391_bin.571	d__Bacteria	p__Bacillota_A	c__Clostridia	o__Oscillospirales	f__CAG-272	g__UMGS902	s__	85.74	0.96	2342346
EHA05391_bin.126	d__Bacteria	p__Bacillota_A	c__Clostridia	o__Oscillospirales	f__Ruminococcaceae	g__QAMM01	s__	96.64	0.23	890271
EHA05391_bin.93	d__Bacteria	p__Bacillota_A	c__Clostridia	o__Peptostreptococcales	f__Anaerovoracaceae	g__Lentihominibacter	s__	90.32	2.64	1469278
EHA05391_bin.351	d__Bacteria	p__Bacillota_A	c__Clostridia	o__Christensenellales	f__CAG-74	g__Ventricola	s__	95.41	3.18	3001512
EHA05391_bin.636	d__Bacteria	p__Bacillota_A	c__Clostridia	o__TANB77	f__CAG-465	g__UMGS1649	s__	86.55	1.2	864414
EHA05391_bin.203	d__Bacteria	p__Bacillota_A	c__Clostridia	o__Oscillospirales	f__Acutalibacteraceae	g__CAG-177	s__	61.85	1.2	1122381
EHA05391_bin.274	d__Bacteria	p__Bacillota_A	c__Clostridia	o__TANB77	f__CAG-508	g__CAG-273	s__	97.93	2.64	1478641
EHA05391_bin.377	d__Bacteria	p__Bacillota_A	c__Clostridia	o__Lachnospirales	f__Lachnospiraceae	g__UBA2882	s__	94.71	0.07	2179794
EHA05391_bin.526	d__Bacteria	p__Bacillota_A	c__Clostridia	o__Christensenellales	f__UMGS416	g__CALWDW01	s__	72.98	0.84	1174747
EHA05391_bin.593	d__Bacteria	p__Bacillota_A	c__Clostridia	o__Christensenellales	f__Christensenellaceae	g__	s__	77.03	4.69	1603789
EHA05391_bin.401	d__Bacteria	p__Bacillota_A	c__Clostridia	o__Christensenellales	f__CAG-74	g__	s__	91.04	0.21	1710876
EHA05391_bin.222	d__Bacteria	p__Actinomycetota	c__Coriobacteriia	o__Coriobacteriales	f__QAMH01	g__	s__	99.77	0.24	1451735
EHA05391_bin.61	d__Bacteria	p__Verrucomicrobiota	c__Lentisphaeria	o__UBA1407	f__UBA1407	g__RGIG3456	s__	50.6	3.97	1238181
EHA05391_bin.256	d__Bacteria	p__Bacillota_A	c__Clostridia	o__Oscillospirales	f__Oscillospiraceae	g__Limivicinus	s__	94.53	1.12	1787697
EHA05391_bin.494	d__Bacteria	p__Bacillota_A	c__Clostridia	o__Oscillospirales	f__Oscillospiraceae	g__Limivicinus	s__	66	1.22	1569545
EHA05391_bin.24	d__Bacteria	p__Riflebacteria	c__Ozemobacteria	o__Ozemobacterales	f__Ozemobacteraceae	g__RUG334	s__	54.37	9.77	2109202
EHA05391_bin.673	d__Bacteria	p__Bacillota	c__Bacilli	o__Acholeplasmatales	f__JAEDCM01	g__	s__	58.31	0.59	877878
EHA05391_bin.180	d__Bacteria	p__Bacillota	c__Bacilli	o__RF39	f__UBA660	g__CAG-1000	s__	97.81	1.59	1314043
EHA05391_bin.582	d__Bacteria	p__Bacillota	c__Bacilli	o__RF39	f__UBA660	g__UMGS1613	s__	87.6	4.12	1818008
EHA05391_bin.556	d__Bacteria	p__Bacillota_A	c__Clostridia	o__Christensenellales	f__CAG-74	g__Limiplasma	s__	91.85	1.67	2351823
EHA05391_bin.374	d__Bacteria	p__Bacillota_A	c__Clostridia	o__Peptostreptococcales	f__Anaerovoracaceae	g__QAKD01	s__	99.92	1.81	1587370
EHA05391_bin.538	d__Bacteria	p__Bacillota	c__Bacilli	o__RF39	f__UBA660	g__RUG12783	s__	82.65	5.71	1885902
EHA05391_bin.73	d__Bacteria	p__Bacillota_A	c__Clostridia	o__Lachnospirales	f__Lachnospiraceae	g__Marvinbryantia	s__	52.85	1.46	654445
EHA05391_bin.220	d__Bacteria	p__Bacillota	c__Bacilli	o__Erysipelotrichales	f__Erysipelotrichaceae	g__JAHHTG01	s__	87.61	0.43	982315
EHA05391_bin.117	d__Bacteria	p__Bacillota	c__Bacilli	o__Erysipelotrichales	f__Erysipelotrichaceae	g__Floccifex	s__	91.49	0.71	1028214
EHA05391_bin.491	d__Bacteria	p__Bacillota_A	c__Clostridia	o__Oscillospirales	f__Oscillospiraceae	g__UBA738	s__	93.36	0.29	1707381
EHA05391_bin.331	d__Archaea	p__Thermoplasmatota	c__Thermoplasmata	o__Methanomassiliicoccales	f__Methanomethylophilaceae	g__SIG5	s__	97.29	0.01	2240518
EHA05391_bin.263	d__Bacteria	p__Bacteroidota	c__Bacteroidia	o__Bacteroidales	f__UBA932	g__Cryptobacteroides	s__	93.26	3.19	2978861
EHA05391_bin.111	d__Bacteria	p__Actinomycetota	c__Coriobacteriia	o__Coriobacteriales	f__Eggerthellaceae	g__W1P20-047	s__	72.19	4.6	1849555
EHA05391_bin.479	d__Bacteria	p__Bacillota_A	c__Clostridia	o__Christensenellales	f__Borkfalkiaceae	g__UBA4636	s__	71.67	6.35	1289939
EHA05391_bin.454	d__Bacteria	p__Bacillota_A	c__Clostridia	o__Christensenellales	f__Borkfalkiaceae	g__UBA1259	s__	78.45	2.89	2406077
EHA05391_bin.368	d__Bacteria	p__Bacillota_A	c__Clostridia	o__Lachnospirales	f__Lachnospiraceae	g__UBA1267	s__	96.47	0.92	2360135
EHA05391_bin.495	d__Bacteria	p__Bacillota_A	c__Clostridia	o__Christensenellales	f__CAG-138	g__Phil1	s__	93.15	2.87	2129168
EHA05391_bin.208	d__Bacteria	p__Actinomycetota	c__Coriobacteriia	o__Coriobacteriales	f__Eggerthellaceae	g__	s__	82.43	6.71	1860445
EHA05391_bin.503	d__Bacteria	p__Bacillota_A	c__Clostridia	o__Oscillospirales	f__Oscillospiraceae	g__Faecousia	s__	67.6	1.9	1482151
EHA05391_bin.580	d__Bacteria	p__Bacillota_A	c__Clostridia	o__Christensenellales	f__CAG-74	g__SFMI01	s__	82.17	0.82	1498725
EHA05391_bin.248	d__Bacteria	p__Bacillota_A	c__Clostridia	o__Christensenellales	f__CAG-74	g__	s__	71.29	1.64	1238334
EHA05391_bin.348	d__Bacteria	p__Verrucomicrobiota	c__Kiritimatiellia	o__RFP12	f__UBA1067	g__RUG572	s__	89.82	3.88	1089220
EHA05391_bin.310	d__Bacteria	p__Bacillota_A	c__Clostridia	o__Oscillospirales	f__Ruminococcaceae	g__Ruminococcus	s__	89.58	7.15	1673958
EHA05391_bin.97	d__Bacteria	p__Bacteroidota	c__Bacteroidia	o__Bacteroidales	f__Bacteroidaceae	g__Prevotella	s__	53.04	2.54	2679727
EHA05391_bin.139	d__Bacteria	p__Bacillota	c__Bacilli	o__ML615J-28	f__CAG-698	g__CAG-698	s__	77.56	1.5	1916129
EHA05391_bin.576	d__Bacteria	p__Desulfobacterota	c__Desulfovibrionia	o__Desulfovibrionales	f__Desulfovibrionaceae	g__	s__	91.09	1.28	3506534
EHA05391_bin.240	d__Bacteria	p__Bacillota_A	c__Clostridia	o__Oscillospirales	f__Ruminococcaceae	g__HGM13233	s__	95.13	3.04	2407882
EHA05391_bin.420	d__Bacteria	p__Bacillota_A	c__Clostridia	o__Christensenellales	f__CAG-138	g__	s__	82.2	3.2	1152568
EHA05391_bin.5	d__Bacteria	p__Bacillota_A	c__Clostridia	o__Oscillospirales	f__CAG-382	g__UMGS882	s__	96.29	0.83	1850376
EHA05391_bin.291	d__Bacteria	p__Bacillota_A	c__Clostridia	o__Oscillospirales	f__Acutalibacteraceae	g__RGIG426	s__	82.36	3.98	1337823
EHA05391_bin.80	d__Bacteria	p__Bacillota_A	c__Clostridia	o__Peptostreptococcales	f__Anaerovoracaceae	g__	s__	50.83	0.5	1647145
EHA05391_bin.431	d__Bacteria	p__Bacillota_B	c__Dehalobacteriia	o__UBA4068	f__UBA4068	g__	s__	72.48	1.68	1227822
EHA05391_bin.40	d__Bacteria	p__Bacillota_A	c__Clostridia	o__Oscillospirales	f__CAG-382	g__UMGS882	s__	95.02	0.25	2151342
EHA05391_bin.396	d__Bacteria	p__Bacteroidota	c__Bacteroidia	o__Bacteroidales	f__WCHB1-69	g__UBA1756	s__	93.19	0.26	1992832
EHA05391_bin.283	d__Bacteria	p__Bacteroidota	c__Bacteroidia	o__Bacteroidales	f__Bacteroidaceae	g__Phocaeicola_A	s__	90.46	0.66	1933094
EHA05391_bin.266	d__Bacteria	p__Bacteroidota	c__Bacteroidia	o__Bacteroidales	f__Bacteroidaceae	g__UBA4372	s__	97.03	5.39	2421099
EHA05391_bin.37	d__Bacteria	p__Bacillota_A	c__Clostridia	o__Peptostreptococcales	f__Anaerovoracaceae	g__RUG099	s__	74.08	1.9	994111
EHA05391_bin.693	d__Bacteria	p__Bacillota_A	c__Clostridia	o__Oscillospirales	f__Acutalibacteraceae	g__Fimenecus	s__	51.05	2.72	694733
EHA05391_bin.546	d__Bacteria	p__Bacillota_A	c__Clostridia	o__Oscillospirales	f__Acutalibacteraceae	g__CAG-488	s__	93.43	5.09	2415516
EHA05391_bin.334	d__Archaea	p__Halobacteriota	c__Methanomicrobia	o__Methanomicrobiales	f__Methanocorpusculaceae	g__Methanocorpusculum	s__	63.32	1.14	1030602
EHA05391_bin.379	d__Bacteria	p__Bacillota_A	c__Clostridia	o__Oscillospirales	f__CAG-272	g__QALR01	s__	78.9	1.62	1406529
EHA05391_bin.409	d__Bacteria	p__Bacillota_A	c__Clostridia	o__Oscillospirales	f__Ruminococcaceae	g__JAFBIO01	s__	95.93	0.18	2178329
EHA05391_bin.363	d__Bacteria	p__Bacillota_A	c__Clostridia	o__Oscillospirales	f__Ruminococcaceae	g__	s__	98.85	0.5	1601626
EHA05391_bin.242	d__Bacteria	p__Bacillota_A	c__Clostridia	o__Lachnospirales	f__Lachnospiraceae	g__Acetatifactor	s__	97.52	0.98	3340497
EHA05391_bin.486	d__Bacteria	p__Bacteroidota	c__Bacteroidia	o__Bacteroidales	f__UBA932	g__Cryptobacteroides	s__	91.03	0.38	1810667
EHA05391_bin.664	d__Bacteria	p__Pseudomonadota	c__Alphaproteobacteria	o__UBA3830	f__UBA3830	g__	s__	71.33	3.49	1609702
EHA05391_bin.43	d__Bacteria	p__Bacteroidota	c__Bacteroidia	o__Bacteroidales	f__Bacteroidaceae	g__Bacteroides	s__Bacteroides uniformis	72.46	0.39	1428870
EHA05391_bin.136	d__Bacteria	p__Bacillota_A	c__Clostridia	o__Christensenellales	f__CAG-74	g__	s__	87.44	2.28	1766701
EHA05391_bin.218	d__Bacteria	p__Bacillota_A	c__Clostridia	o__Christensenellales	f__UBA1242	g__UBA7862	s__	87.51	3.1	1951791
EHA05391_bin.53	d__Bacteria	p__Bacillota_A	c__Clostridia	o__Christensenellales	f__CAG-74	g__SFTH01	s__	96.71	0.03	970045
EHA05391_bin.614	d__Bacteria	p__Bacillota_B	c__Peptococcia	o__Peptococcales	f__Peptococcaceae	g__UMGS1590	s__	50.09	0.77	935326
EHA05391_bin.500	d__Bacteria	p__Bacillota	c__Bacilli	o__RF39	f__UBA660	g__RGIG1752	s__	86.2	2.57	2251070
EHA05391_bin.553	d__Bacteria	p__Desulfobacterota	c__Desulfovibrionia	o__Desulfovibrionales	f__Desulfovibrionaceae	g__Mailhella	s__	83.34	2.34	2411652
EHA05391_bin.231	d__Bacteria	p__Bacillota_A	c__Clostridia	o__Christensenellales	f__CAG-138	g__	s__	68.44	1.46	1490155
EHA05391_bin.560	d__Bacteria	p__Bacillota_A	c__Clostridia	o__Lachnospirales	f__Lachnospiraceae	g__	s__	92.59	2.09	1685125
EHA05391_bin.272	d__Bacteria	p__Bacillota_A	c__Clostridia	o__Oscillospirales	f__Oscillospiraceae	g__Faecousia	s__	98.7	0.86	2145050
EHA05391_bin.461	d__Bacteria	p__Bacillota_A	c__Clostridia	o__Christensenellales	f__CAG-74	g__Firm-10	s__	98.67	1.8	1541920
EHA05391_bin.148	d__Bacteria	p__Bacillota_A	c__Clostridia	o__Christensenellales	f__CAG-74	g__	s__	69.57	4.22	1780740
EHA05391_bin.386	d__Bacteria	p__Bacillota_A	c__Clostridia	o__Christensenellales	f__Borkfalkiaceae	g__UBA1259	s__	98.81	0.12	1953672
EHA05391_bin.123	d__Bacteria	p__Bacillota_A	c__Clostridia	o__Christensenellales	f__	g__	s__	72.02	0.68	1309964
EHA05391_bin.533	d__Bacteria	p__Bacillota	c__Bacilli	o__RF39	f__UBA660	g__CAJGDV01	s__	69.57	0.95	1324239
EHA05391_bin.303	d__Bacteria	p__Bacillota_A	c__Clostridia	o__Oscillospirales	f__Oscillospiraceae	g__UBA1774	s__	72.85	0.71	1666825
EHA05391_bin.508	d__Bacteria	p__Bacillota_A	c__Clostridia	o__Monoglobales	f__Firm-18	g__UBA1775	s__	95.45	0.24	978068
EHA05391_bin.586	d__Bacteria	p__Bacillota_A	c__Clostridia	o__TANB77	f__CAG-508	g__HGM13634	s__	85.3	1.06	2408126
EHA05391_bin.543	d__Bacteria	p__Bacillota_A	c__Clostridia	o__Oscillospirales	f__Acutalibacteraceae	g__CAG-177	s__	94.91	3.22	1325734
EHA05391_bin.695	d__Bacteria	p__Bacteroidota	c__Bacteroidia	o__Bacteroidales	f__Bacteroidaceae	g__Prevotella	s__	54.98	3.78	972168
EHA05391_bin.518	d__Bacteria	p__Bacillota_A	c__Clostridia	o__TANB77	f__RGIG9151	g__RGIG9151	s__	89.8	2.3	1765506
EHA05391_bin.652	d__Bacteria	p__Bacillota_A	c__Clostridia	o__Oscillospirales	f__CAG-272	g__	s__	74.8	0.89	1134389
EHA05391_bin.554	d__Bacteria	p__Bacillota_A	c__Clostridia	o__Oscillospirales	f__Ruminococcaceae	g__	s__	95.25	3.16	2480968
EHA05391_bin.197	d__Bacteria	p__Bacillota_A	c__Clostridia	o__Oscillospirales	f__Feifaniaceae	g__Galloscillospira_B	s__	75.55	0.3	1872104
EHA05391_bin.477	d__Bacteria	p__Cyanobacteriota	c__Vampirovibrionia	o__Gastranaerophilales	f__Gastranaerophilaceae	g__UBA791	s__	94.16	0.63	2765204
EHA05391_bin.264	d__Bacteria	p__Bacteroidota	c__Bacteroidia	o__Bacteroidales	f__UBA932	g__	s__	84.27	1.89	2619351
EHA05391_bin.1	d__Bacteria	p__Bacteroidota	c__Bacteroidia	o__Bacteroidales	f__UBA932	g__Cryptobacteroides	s__	88.83	2.56	2251897
EHA05391_bin.360	d__Bacteria	p__Bacillota_A	c__Clostridia	o__Lachnospirales	f__Lachnospiraceae	g__CAG-95	s__	94.13	5.52	2237901
EHA05391_bin.416	d__Bacteria	p__Bacillota	c__Bacilli	o__RF39	f__UBA660	g__RUG12783	s__	77.48	0.26	1777036
EHA05391_bin.427	d__Bacteria	p__Bacillota_A	c__Clostridia	o__Christensenellales	f__Christensenellaceae	g__Guopingia	s__	88.98	1.63	1632954
EHA05391_bin.318	d__Bacteria	p__Eremiobacterota	c__Xenobia	o__Xenobiales	f__Xenobiaceae	g__JAFSXO01	s__	95.86	0.5	2019101
EHA05391_bin.118	d__Bacteria	p__Bacillota_A	c__Clostridia	o__Peptostreptococcales	f__Peptostreptococcaceae	g__Intestinibacter	s__	91.58	5.73	1849224
EHA05391_bin.442	d__Bacteria	p__Bacillota_A	c__Clostridia	o__Oscillospirales	f__Oscillospiraceae	g__Limivicinus	s__	68.24	2.73	1350260
EHA05391_bin.444	d__Bacteria	p__Bacteroidota	c__Bacteroidia	o__Bacteroidales	f__W3P20-009	g__W3P20-009	s__	58.06	4.77	3691188
EHA05391_bin.124	d__Bacteria	p__Bacteroidota	c__Bacteroidia	o__Bacteroidales	f__Tannerellaceae	g__Parabacteroides	s__Parabacteroides sp014287585	97.6	0.24	1252592
EHA05391_bin.273	d__Bacteria	p__Bacillota_B	c__Dehalobacteriia	o__UBA4068	f__UBA4068	g__RGIG3181	s__	92.12	3.64	2201942
EHA05391_bin.506	d__Bacteria	p__Bacillota_A	c__Clostridia	o__Peptostreptococcales	f__Anaerovoracaceae	g__CAG-238	s__	93.37	0.38	1067991
EHA05391_bin.579	d__Bacteria	p__Bacillota_A	c__Clostridia	o__Lachnospirales	f__Lachnospiraceae	g__Faecalimonas	s__	97.03	0.51	2315498
EHA05391_bin.119	d__Bacteria	p__Spirochaetota	c__Spirochaetia	o__Sphaerochaetales	f__Sphaerochaetaceae	g__	s__	89.11	4.42	2810528
EHA05391_bin.655	d__Bacteria	p__Bacillota_A	c__Clostridia	o__Lachnospirales	f__Lachnospiraceae	g__	s__	84.91	4.21	1674147
EHA05391_bin.465	d__Bacteria	p__Bacillota_A	c__Clostridia	o__Monoglobales	f__Monoglobaceae	g__UMGS1820	s__	76.22	5.84	1509174
EHA05391_bin.492	d__Bacteria	p__Bacillota_A	c__Clostridia	o__Oscillospirales	f__Oscillospiraceae	g__Limivicinus	s__	99.19	4.46	2273471
EHA05391_bin.150	d__Bacteria	p__Bacillota_A	c__Clostridia	o__Oscillospirales	f__Ruminococcaceae	g__UMGS1668	s__	89.57	5.87	2084929
EHA05391_bin.338	d__Bacteria	p__Bacillota_A	c__Clostridia	o__Christensenellales	f__CAG-1252	g__RUG14300	s__	94.97	0.01	1894754
EHA05391_bin.188	d__Bacteria	p__Desulfobacterota	c__Desulfovibrionia	o__Desulfovibrionales	f__Desulfovibrionaceae	g__	s__	60.22	3.8	723684
EHA05391_bin.138	d__Archaea	p__Halobacteriota	c__Methanomicrobia	o__Methanomicrobiales	f__Methanocorpusculaceae	g__Methanocorpusculum	s__	72.72	4.36	1593266
EHA05391_bin.603	d__Bacteria	p__Bacillota_A	c__Clostridia	o__Oscillospirales	f__Acutalibacteraceae	g__UBA8612	s__	77.3	3.1	1433803
EHA05391_bin.547	d__Bacteria	p__Bacillota_A	c__Clostridia	o__Christensenellales	f__CAG-74	g__RGIG2066	s__	93.65	0.3	2433504
EHA05391_bin.196	d__Bacteria	p__Bacteroidota	c__Bacteroidia	o__Bacteroidales	f__W3P20-009	g__W3P20-009	s__	88.92	3.4	1614013
EHA05391_bin.91	d__Bacteria	p__Bacillota_A	c__Clostridia	o__Peptostreptococcales	f__Anaerovoracaceae	g__Lentihominibacter	s__	50.88	3.48	1687933
EHA05391_bin.325	d__Bacteria	p__Bacillota	c__Bacilli	o__RF39	f__UBA660	g__RUG11241	s__	69.67	1.86	2640487
EHA05391_bin.8	d__Bacteria	p__Bacillota_A	c__Clostridia	o__Oscillospirales	f__Ruminococcaceae	g__HGM13222	s__HGM13222 sp900757485	94.52	1.14	2490734
EHA05391_bin.162	d__Bacteria	p__Bacteroidota	c__Bacteroidia	o__Bacteroidales	f__UBA932	g__	s__	93.29	3.43	1877542
EHA05391_bin.455	d__Bacteria	p__Bacteroidota	c__Bacteroidia	o__Bacteroidales	f__UBA932	g__Cryptobacteroides	s__	87.81	2.05	970602
EHA05391_bin.505	d__Bacteria	p__Bacillota_A	c__Clostridia	o__Christensenellales	f__CAG-138	g__Aphodomorpha	s__	99.97	0.51	1865200
EHA05391_bin.501	d__Bacteria	p__Bacteroidota	c__Bacteroidia	o__Bacteroidales	f__Bacteroidaceae	g__UBA6382	s__	97.95	0.22	2623529
EHA05391_bin.469	d__Bacteria	p__Bacillota_A	c__Clostridia	o__Oscillospirales	f__Acutalibacteraceae	g__CAKXIK01	s__	93.57	4.52	2344627
EHA05391_bin.524	d__Bacteria	p__Bacillota	c__Bacilli	o__RF39	f__UBA660	g__RUG705	s__	87.62	3.18	1111142
EHA05391_bin.76	d__Bacteria	p__Bacillota_A	c__Clostridia	o__Lachnospirales	f__Lachnospiraceae	g__Lachnoclostridium_A	s__	78.13	1.39	1951470
EHA05391_bin.72	d__Bacteria	p__Verrucomicrobiota	c__Lentisphaeria	o__Victivallales	f__Victivallaceae	g__UBA1784	s__	50.86	6.26	1710380
EHA05391_bin.459	d__Bacteria	p__Bacillota_A	c__Clostridia	o__Christensenellales	f__UBA1750	g__RGIG1439	s__	95.16	1.39	1746939
EHA05391_bin.27	d__Bacteria	p__Spirochaetota	c__Spirochaetia	o__Treponematales	f__Treponemataceae	g__Treponema_D	s__	86.07	0.17	2427693
EHA05391_bin.329	d__Bacteria	p__Bacillota_A	c__Clostridia	o__Lachnospirales	f__Lachnospiraceae	g__Porcincola	s__	95.08	5.42	1371740
EHA05391_bin.657	d__Bacteria	p__Synergistota	c__Synergistia	o__Synergistales	f__Dethiosulfovibrionaceae	g__Pyramidobacter	s__	54.65	0.42	917799
EHA05391_bin.395	d__Bacteria	p__Bacillota_A	c__Clostridia	o__Christensenellales	f__UBA1242	g__UMGS2070	s__	81.15	0.04	1772658
EHA05391_bin.289	d__Bacteria	p__Bacillota_A	c__Clostridia	o__Oscillospirales	f__CAG-272	g__RGIG2000	s__	83.07	0.42	2090259
EHA05391_bin.426	d__Bacteria	p__Bacillota_A	c__Clostridia	o__Oscillospirales	f__CAG-382	g__UBA1206	s__	87.61	4.72	2525334
EHA05391_bin.214	d__Bacteria	p__Bacteroidota	c__Bacteroidia	o__Bacteroidales	f__UBA932	g__Cryptobacteroides	s__	97.11	0.78	2223583
EHA05391_bin.516	d__Bacteria	p__Pseudomonadota	c__Alphaproteobacteria	o__RF32	f__UBA3637	g__UBA3637	s__	89.55	0.5	2293397
EHA05391_bin.622	d__Bacteria	p__Bacillota_A	c__Clostridia	o__Oscillospirales	f__Oscillospiraceae	g__Faecousia	s__	75.99	0.16	1515422
EHA05391_bin.307	d__Bacteria	p__Bacillota_A	c__Clostridia	o__Oscillospirales	f__Butyricicoccaceae	g__RGIG1902	s__	94.62	0.33	2398518
EHA05391_bin.410	d__Bacteria	p__Bacillota_A	c__Clostridia	o__Lachnospirales	f__Lachnospiraceae	g__	s__	98.45	1.61	2324365
EHA05391_bin.530	d__Bacteria	p__Bacillota_A	c__Clostridia	o__Lachnospirales	f__Lachnospiraceae	g__Blautia_A	s__	90.01	0.37	1378934
EHA05391_bin.216	d__Bacteria	p__Bacillota	c__Bacilli	o__ML615J-28	f__CAG-313	g__UBA1737	s__	82.63	3.95	2148699
EHA05391_bin.116	d__Bacteria	p__Bacillota	c__Bacilli	o__RF39	f__UBA660	g__CAG-1000	s__	98.55	0.21	1733370
EHA05391_bin.293	d__Bacteria	p__Bacteroidota	c__Bacteroidia	o__Bacteroidales	f__Bacteroidaceae	g__UBA4372	s__	95.94	0.83	1930114
EHA05391_bin.674	d__Bacteria	p__Pseudomonadota	c__Alphaproteobacteria	o__RF32	f__CAG-239	g__JAFUYI01	s__JAFUYI01 sp900762565	69.93	2.31	1705459
EHA05391_bin.559	d__Bacteria	p__Bacillota_A	c__Clostridia	o__Tissierellales	f__Sedimentibacteraceae	g__UBA1535	s__	94.92	2.2	861245
EHA05391_bin.397	d__Bacteria	p__Fibrobacterota	c__Fibrobacteria	o__Fibrobacterales	f__Fibrobacteraceae	g__Fibrobacter	s__	96.84	0.59	1519702
EHA05391_bin.594	d__Bacteria	p__Spirochaetota	c__Spirochaetia	o__Sphaerochaetales	f__Sphaerochaetaceae	g__	s__	77.75	3.26	1858768
EHA05391_bin.44	d__Bacteria	p__Bacteroidota	c__Bacteroidia	o__Bacteroidales	f__Bacteroidaceae	g__Bacteroides	s__Bacteroides sp900552405	81.94	5.55	1915178
EHA05391_bin.534	d__Bacteria	p__Bacillota	c__Bacilli	o__RF39	f__UBA660	g__RGIG4266	s__	85.92	1.17	1345062
EHA05391_bin.168	d__Bacteria	p__Bacillota_A	c__Clostridia	o__Oscillospirales	f__Oscillospiraceae	g__Faecousia	s__	85.93	1.42	1809190
EHA05391_bin.517	d__Bacteria	p__Bacillota_A	c__Clostridia	o__TANB77	f__SIG350	g__SIG350	s__	89.75	3.11	1462887
EHA05391_bin.15	d__Bacteria	p__Bacillota_A	c__Clostridia	o__Lachnospirales	f__Lachnospiraceae	g__	s__	78.61	1.97	2034351
EHA05391_bin.424	d__Bacteria	p__Bacillota_A	c__Clostridia	o__Oscillospirales	f__Oscillospiraceae	g__RGIG2163	s__	93.42	0.12	1860236
EHA05391_bin.472	d__Bacteria	p__Bacillota_A	c__Clostridia	o__Christensenellales	f__UBA1750	g__UBA1428	s__UBA1428 sp002329335	92.34	1.73	1452824
EHA05391_bin.464	d__Bacteria	p__Bacillota_A	c__Clostridia	o__Oscillospirales	f__Acutalibacteraceae	g__UBA6857	s__	92.36	0.64	1731287
EHA05391_bin.292	d__Bacteria	p__Bacillota_A	c__Clostridia	o__Christensenellales	f__CAG-138	g__	s__	88.39	1.75	2302132
EHA05391_bin.296	d__Bacteria	p__Verrucomicrobiota	c__Kiritimatiellia	o__RFP12	f__JAAYLN01	g__	s__	86.91	1.55	2569960
EHA05391_bin.449	d__Bacteria	p__Bacillota	c__Bacilli	o__RF39	f__UBA660	g__CAG-1000	s__	86.98	0.21	2593835
EHA05391_bin.367	d__Bacteria	p__Bacillota	c__Bacilli	o__Lactobacillales	f__Streptococcaceae	g__Streptococcus	s__Streptococcus caballi	87.23	0.74	1055527
EHA05391_bin.96	d__Bacteria	p__Bacillota_A	c__Clostridia	o__Peptostreptococcales	f__Anaerovoracaceae	g__RUG099	s__	82.93	0.35	2309691
EHA05391_bin.200	d__Bacteria	p__Bacillota_A	c__Clostridia	o__Oscillospirales	f__UBA644	g__HGM12619	s__	73.85	0.76	1109056
EHA05391_bin.204	d__Bacteria	p__Bacillota_A	c__Clostridia	o__Lachnospirales	f__Lachnospiraceae	g__	s__	97.12	0.04	1734688
EHA05391_bin.90	d__Bacteria	p__Myxococcota	c__Bradymonadia	o__UBA4248	f__UBA4248	g__	s__	96.52	0.62	969145
EHA05391_bin.183	d__Bacteria	p__Bacillota_A	c__Clostridia	o__Christensenellales	f__UBA1242	g__	s__	79.3	0.21	750532
EHA05391_bin.333	d__Bacteria	p__Bacteroidota	c__Bacteroidia	o__Bacteroidales	f__WCHB1-69	g__UBA1195	s__	94.33	0.2	2739068
EHA05391_bin.132	d__Bacteria	p__Bacillota_A	c__Clostridia	o__Oscillospirales	f__	g__	s__	94.72	1.04	2096654
EHA05391_bin.663	d__Bacteria	p__Bacillota_A	c__Clostridia	o__TANB77	f__RGIG9151	g__RGIG9151	s__	67.52	3.44	1467710
EHA05391_bin.249	d__Bacteria	p__Bacillota_A	c__Clostridia	o__Christensenellales	f__CAG-74	g__RUG563	s__	98.5	0.04	1805449
EHA05391_bin.391	d__Bacteria	p__Verrucomicrobiota	c__Lentisphaeria	o__UBA1407	f__UBA1407	g__Tb-RUG-53	s__	89.06	2.28	1456633
EHA05391_bin.201	d__Bacteria	p__Bacillota_A	c__Clostridia	o__Oscillospirales	f__CAG-272	g__RGIG1993	s__	58.13	9.01	2860213
EHA05391_bin.298	d__Bacteria	p__Bacillota_A	c__Clostridia	o__Oscillospirales	f__CAG-272	g__JAKSPV01	s__	89.19	1.02	1886652
EHA05391_bin.564	d__Bacteria	p__Bacillota_A	c__Clostridia	o__Oscillospirales	f__Acutalibacteraceae	g__UMGS1491	s__	99.31	6.98	2555458
EHA05391_bin.437	d__Bacteria	p__Bacillota_A	c__Clostridia	o__Christensenellales	f__CAG-74	g__Fimadaptatus	s__	88.47	0.01	2042190
EHA05391_bin.358	d__Bacteria	p__Bacillota_A	c__Clostridia	o__Lachnospirales	f__Lachnospiraceae	g__	s__	95.89	0.19	2547041
EHA05391_bin.551	d__Bacteria	p__Bacillota	c__Bacilli	o__RF39	f__UBA660	g__JALELF01	s__	81.66	2.35	2083297
EHA05391_bin.522	d__Bacteria	p__Bacillota_A	c__Clostridia	o__Acetivibrionales_B	f__RGIG10202	g__	s__	79.03	7.3	1098341
EHA05391_bin.149	d__Bacteria	p__Spirochaetota	c__Spirochaetia	o__Treponematales	f__Treponemataceae	g__Treponema_D	s__	85.46	0.94	2335422
EHA05391_bin.509	d__Bacteria	p__Bacillota_A	c__Clostridia	o__Oscillospirales	f__Acutalibacteraceae	g__UBA737	s__	88.06	0.83	1859012
EHA05391_bin.647	d__Bacteria	p__Bacillota_C	c__Negativicutes	o__Acidaminococcales	f__Acidaminococcaceae	g__Phascolarctobacterium_A	s__	87.33	1.59	2164517
EHA05391_bin.376	d__Bacteria	p__Bacillota_A	c__Clostridia	o__TANB77	f__CAG-508	g__WQVL01	s__	95.45	2.25	1564941
EHA05391_bin.352	d__Bacteria	p__Bacillota_A	c__Clostridia	o__Peptostreptococcales	f__Anaerovoracaceae	g__JAEEUO01	s__	88.15	5.64	3434662
EHA05391_bin.665	d__Bacteria	p__Bacillota_A	c__Clostridia	o__Lachnospirales	f__Lachnospiraceae	g__CAKQHB01	s__	55.11	1.83	1335963
EHA05391_bin.346	d__Bacteria	p__Bacillota_A	c__Clostridia	o__Christensenellales	f__UBA1242	g__	s__	70.11	0.59	1482677
EHA05391_bin.612	d__Bacteria	p__Bacillota_A	c__Clostridia	o__Peptostreptococcales	f__Anaerovoracaceae	g__Emergencia	s__	52.66	0.13	671048
EHA05391_bin.151	d__Bacteria	p__Bacillota_A	c__Clostridia	o__Oscillospirales	f__CAG-272	g__CAG-448	s__	87.53	5.19	2638627
EHA05391_bin.321	d__Bacteria	p__Bacillota_B	c__Dehalobacteriia	o__UBA4068	f__UBA4068	g__RGIG3155	s__	67.29	5.19	1474821
EHA05391_bin.563	d__Bacteria	p__Bacteroidota	c__Bacteroidia	o__Bacteroidales	f__UBA932	g__Cryptobacteroides	s__	66.06	2.68	1673191
EHA05391_bin.549	d__Bacteria	p__Bacillota_A	c__Clostridia	o__Oscillospirales	f__Ruminococcaceae	g__Ruthenibacterium	s__Ruthenibacterium lactatiformans	81.28	8.23	2115327
EHA05391_bin.448	d__Bacteria	p__Verrucomicrobiota	c__Lentisphaeria	o__UBA1407	f__UBA1407	g__	s__	77.3	0.75	1427250
EHA05391_bin.36	d__Bacteria	p__Bacillota_A	c__Clostridia	o__Christensenellales	f__Borkfalkiaceae	g__UBA4636	s__	85.03	6.88	1653748
EHA05391_bin.575	d__Bacteria	p__Bacillota_A	c__Clostridia	o__Christensenellales	f__Christensenellaceae	g__HGM11616	s__	95.03	0.53	2174388
EHA05391_bin.611	d__Bacteria	p__Bacteroidota	c__Bacteroidia	o__Bacteroidales	f__W3P20-009	g__W3P20-009	s__	63.98	1.65	1594286
EHA05391_bin.340	d__Bacteria	p__Bacteroidota	c__Bacteroidia	o__Bacteroidales	f__VadinHA17	g__DUOU01	s__	94.31	1.29	2187727
EHA05391_bin.610	d__Bacteria	p__Bacillota_A	c__Clostridia	o__TANB77	f__CAG-508	g__CAG-452	s__	50.53	0.54	969484
EHA05391_bin.35	d__Bacteria	p__Verrucomicrobiota	c__Kiritimatiellia	o__RFP12	f__UBA1067	g__RUG572	s__	88.98	0.53	922314
EHA05391_bin.49	d__Bacteria	p__Bacillota_A	c__Clostridia	o__Oscillospirales	f__Acutalibacteraceae	g__SIG598	s__	96.72	0	1756531
EHA05391_bin.355	d__Bacteria	p__Bacillota_A	c__Clostridia	o__Oscillospirales	f__Oscillospiraceae	g__Faecousia	s__	84.31	1.81	1754558
EHA05391_bin.457	d__Bacteria	p__Bacillota_A	c__Clostridia	o__Peptostreptococcales	f__Anaerovoracaceae	g__RUG099	s__	52.52	4.56	564968
EHA05391_bin.452	d__Bacteria	p__Bacillota	c__Bacilli	o__RF39	f__UBA660	g__RUG12783	s__	92.97	0.42	2572973
EHA05391_bin.669	d__Bacteria	p__Bacillota_A	c__Clostridia	o__Oscillospirales	f__CAG-272	g__QALR01	s__	62.66	2.97	1372492
EHA05391_bin.9	d__Bacteria	p__Bacteroidota	c__Bacteroidia	o__Bacteroidales	f__Tannerellaceae	g__Parabacteroides	s__Parabacteroides distasonis	74.44	2.55	1394704
EHA05391_bin.555	d__Bacteria	p__Bacillota_A	c__Clostridia	o__Christensenellales	f__CAG-74	g__SFHK01	s__	81.8	2.52	2148716
EHA05391_bin.520	d__Bacteria	p__Bacillota_A	c__Clostridia	o__Christensenellales	f__UBA1242	g__	s__	84.28	4.47	2485723
EHA05391_bin.275	d__Bacteria	p__Bacillota_A	c__Clostridia	o__TANB77	f__RGIG9151	g__RGIG9151	s__	87.46	4.61	2523133
EHA05391_bin.251	d__Bacteria	p__Bacillota_A	c__Clostridia	o__TANB77	f__CAG-508	g__UMGS1933	s__	63.03	5.34	1880336
EHA05391_bin.70	d__Bacteria	p__Bacillota_A	c__Clostridia	o__Oscillospirales	f__CAG-272	g__SIG673	s__	55.8	3.28	1483464
EHA05391_bin.487	d__Bacteria	p__Bacteroidota	c__Bacteroidia	o__Bacteroidales	f__UBA932	g__Cryptobacteroides	s__	95.67	0.99	1533651
EHA05391_bin.176	d__Bacteria	p__Bacillota_A	c__Clostridia	o__Oscillospirales	f__Oscillospiraceae	g__F23-B02	s__	94.9	0.87	1230502
EHA05391_bin.134	d__Bacteria	p__Bacillota_A	c__Clostridia	o__Oscillospirales	f__Acutalibacteraceae	g__CAG-488	s__	88.4	2.96	2770540
EHA05391_bin.212	d__Bacteria	p__Bacteroidota	c__Bacteroidia	o__Bacteroidales	f__Bacteroidaceae	g__Prevotella	s__	96.89	0.02	1057769
EHA05391_bin.313	d__Bacteria	p__Verrucomicrobiota	c__Kiritimatiellia	o__RFP12	f__UBA1067	g__UBA1067	s__	79.5	1.93	2075399
EHA05391_bin.404	d__Bacteria	p__Bacillota_A	c__Clostridia	o__Christensenellales	f__UBA1750	g__	s__	86.87	4.85	2447933
EHA05391_bin.74	d__Bacteria	p__Verrucomicrobiota	c__Lentisphaeria	o__UBA1407	f__UBA1407	g__CAAGGB01	s__	56.81	5.84	1194834
EHA05391_bin.14	d__Bacteria	p__Bacillota_A	c__Clostridia	o__Christensenellales	f__Borkfalkiaceae	g__UBA4636	s__	88.78	0.32	1646311
EHA05391_bin.164	d__Bacteria	p__Bacteroidota	c__Bacteroidia	o__Bacteroidales	f__WCHB1-69	g__	s__	81.02	0.06	1496706
EHA05391_bin.453	d__Bacteria	p__Bacillota_A	c__Clostridia	o__Christensenellales	f__Borkfalkiaceae	g__UBA1259	s__	67.13	1.87	981176
EHA05391_bin.121	d__Bacteria	p__Bacteroidota	c__Bacteroidia	o__Bacteroidales	f__UBA932	g__RUG11257	s__	99.09	3.51	1472288
EHA05391_bin.511	d__Bacteria	p__Actinomycetota	c__Coriobacteriia	o__Coriobacteriales	f__Eggerthellaceae	g__	s__	62.09	0.73	1359318
EHA05391_bin.315	d__Bacteria	p__Bacteroidota	c__Bacteroidia	o__Bacteroidales	f__UBA932	g__Cryptobacteroides	s__	68.09	0.99	1868839
EHA05391_bin.186	d__Bacteria	p__Bacillota_A	c__Clostridia	o__Oscillospirales	f__Oscillospiraceae	g__Limivicinus	s__	94.25	4.74	864936
EHA05391_bin.666	d__Bacteria	p__Bacillota	c__Bacilli	o__RF39	f__UBA660	g__Aphodocola	s__	72.8	0.33	710027
EHA05391_bin.590	d__Bacteria	p__Bacteroidota	c__Bacteroidia	o__Bacteroidales	f__Bacteroidaceae	g__Bacteroides	s__Bacteroides xylanisolvens	89.7	0.19	807430
EHA05391_bin.561	d__Bacteria	p__Bacillota_A	c__Clostridia	o__Oscillospirales	f__Acutalibacteraceae	g__RGIG7067	s__	75.31	4.03	1638401
EHA05391_bin.34	d__Bacteria	p__Bacteroidota	c__Bacteroidia	o__Bacteroidales	f__WCHB1-69	g__F23-D06	s__	90	2.4	3594834
EHA05391_bin.258	d__Bacteria	p__Bacillota_A	c__Clostridia	o__TANB77	f__SIG350	g__SIG350	s__	95.79	1.27	1747454
EHA05391_bin.135	d__Bacteria	p__Bacillota_A	c__Clostridia	o__Christensenellales	f__UBA1750	g__UBA1428	s__	85.09	5.24	1971552
EHA05391_bin.370	d__Bacteria	p__Bacillota_A	c__Clostridia	o__Peptostreptococcales	f__Anaerovoracaceae	g__RGIG9096	s__	91.64	1.42	1717546
EHA05391_bin.613	d__Bacteria	p__Bacteroidota	c__Bacteroidia	o__Bacteroidales	f__Paludibacteraceae	g__Aphodosoma	s__	55.08	5.6	1083343
EHA05391_bin.143	d__Bacteria	p__Bacillota_C	c__Negativicutes	o__Acidaminococcales	f__Acidaminococcaceae	g__Phascolarctobacterium_A	s__	99.81	0.58	1800903
EHA05391_bin.337	d__Bacteria	p__Bacillota	c__Bacilli	o__Izemoplasmatales	f__UBA1188	g__UBA1188	s__	92.98	0.08	1689694
EHA05391_bin.458	d__Bacteria	p__Bacillota_A	c__Clostridia	o__Peptostreptococcales	f__Anaerovoracaceae	g__RUG099	s__	64.85	3.06	1063661
EHA05391_bin.17	d__Bacteria	p__Bacillota_A	c__Clostridia	o__Oscillospirales	f__Acutalibacteraceae	g__UBA1227	s__	93.1	3.67	2680774
EHA05391_bin.660	d__Bacteria	p__Bacillota	c__Bacilli	o__Erysipelotrichales	f__Erysipelotrichaceae	g__	s__	57.61	2.25	1335326
EHA05391_bin.42	d__Bacteria	p__Bacteroidota	c__Bacteroidia	o__Bacteroidales	f__UBA932	g__Coprenecus	s__	65.83	0.17	929033
EHA05391_bin.362	d__Bacteria	p__Bacillota_A	c__Clostridia	o__TANB77	f__UBA1234	g__	s__	84.76	7.93	2303765
EHA05391_bin.344	d__Bacteria	p__Bacillota	c__Bacilli	o__RF39	f__UBA660	g__RUG591	s__	99.57	0.13	2010984
EHA05391_bin.640	d__Bacteria	p__Bacillota_A	c__Clostridia	o__Oscillospirales	f__Acutalibacteraceae	g__UBA1227	s__	76.57	1.8	1652099
EHA05391_bin.634	d__Bacteria	p__Bacillota_A	c__Clostridia	o__Peptostreptococcales	f__Anaerovoracaceae	g__Lentihominibacter	s__	51.13	3.25	1325692
EHA05391_bin.662	d__Bacteria	p__Bacillota_A	c__Clostridia	o__UMGS1840	f__HGM11507	g__	s__	57.63	3.12	876800
EHA05391_bin.400	d__Bacteria	p__Bacteroidota	c__Bacteroidia	o__Bacteroidales	f__Tannerellaceae	g__Parabacteroides	s__	86.31	0.24	2826859
EHA05391_bin.343	d__Bacteria	p__Bacillota	c__Bacilli	o__RF39	f__UBA660	g__SIG208	s__	96.96	0.16	1525309
EHA05391_bin.644	d__Bacteria	p__Bacillota_A	c__Clostridia	o__Peptostreptococcales	f__Anaerovoracaceae	g__RUG099	s__	81.81	5.43	2243928
EHA05391_bin.304	d__Bacteria	p__Bacteroidota	c__Bacteroidia	o__Bacteroidales	f__Salinivirgaceae	g__JAAYQU01	s__	97.69	8.57	4062088
EHA05391_bin.661	d__Bacteria	p__Bacillota_A	c__Clostridia	o__Oscillospirales	f__Oscillospiraceae	g__Faecousia	s__	68.61	2.19	1408572
EHA05391_bin.6	d__Bacteria	p__Bacillota_A	c__Clostridia	o__UBA1381	f__UMGS1253	g__Aphodoplasma	s__	59.16	0.92	628020
EHA05391_bin.102	d__Bacteria	p__Bacteroidota	c__Bacteroidia	o__Bacteroidales	f__Paludibacteraceae	g__RGIG10190	s__	83.35	1.72	2423258
EHA05391_bin.390	d__Bacteria	p__Bacteroidota	c__Bacteroidia	o__Bacteroidales	f__Paludibacteraceae	g__CALUNA01	s__	79.24	6.95	1160809
EHA05391_bin.288	d__Bacteria	p__Bacillota_A	c__Clostridia	o__Oscillospirales	f__CAG-272	g__	s__	73.41	0.05	1612119
EHA05391_bin.591	d__Bacteria	p__Bacillota	c__Bacilli	o__RFN20	f__CAG-826	g__CAJOLV01	s__	93.38	4.84	1287095
EHA05391_bin.332	d__Bacteria	p__Bacillota_A	c__Clostridia	o__Oscillospirales	f__CAG-272	g__RGIG3994	s__	83.53	6.8	2233741
EHA05391_bin.163	d__Bacteria	p__Bacillota_A	c__Clostridia	o__Oscillospirales	f__Acutalibacteraceae	g__CAG-177	s__	96.75	3.42	1881954
EHA05391_bin.137	d__Bacteria	p__Bacillota_A	c__Clostridia	o__Christensenellales	f__UBA1750	g__CALWRM01	s__	83.02	3.04	2047888
EHA05391_bin.347	d__Bacteria	p__Bacillota_A	c__Clostridia	o__Lachnospirales	f__Lachnospiraceae	g__	s__	94.17	1.69	1046863
EHA05391_bin.350	d__Bacteria	p__Bacteroidota	c__Bacteroidia	o__Bacteroidales	f__UBA932	g__Cryptobacteroides	s__	96.63	1.33	884823
EHA05391_bin.498	d__Bacteria	p__Bacillota_A	c__Clostridia	o__Oscillospirales	f__Ruminococcaceae	g__Ruminococcus	s__	97.03	2.02	1878818
EHA05391_bin.278	d__Bacteria	p__Bacillota	c__Bacilli	o__RF39	f__UBA660	g__RUG705	s__	85.76	2.8	1265131
EHA05391_bin.447	d__Bacteria	p__Bacillota_A	c__Clostridia	o__Christensenellales	f__Borkfalkiaceae	g__UBA1259	s__	98.33	0.21	1812977
EHA05391_bin.631	d__Bacteria	p__Bacillota_A	c__Clostridia	o__Oscillospirales	f__CAG-272	g__CAG-448	s__	57.24	1.73	1922458
EHA05391_bin.141	d__Bacteria	p__Bacillota_C	c__Negativicutes	o__Acidaminococcales	f__Acidaminococcaceae	g__Phascolarctobacterium_A	s__	94.77	1.22	1721884
EHA05391_bin.82	d__Bacteria	p__Bacillota_A	c__Clostridia	o__Peptostreptococcales	f__Anaerovoracaceae	g__Lentihominibacter	s__	94.47	2.29	2060103
EHA05391_bin.445	d__Bacteria	p__Bacteroidota	c__Bacteroidia	o__Bacteroidales	f__UBA932	g__Cryptobacteroides	s__	90.94	2.15	2253629
EHA05391_bin.436	d__Bacteria	p__Bacillota_A	c__Clostridia	o__Oscillospirales	f__Ruminococcaceae	g__CALWZE01	s__	87.64	0.94	1628461
EHA05391_bin.475	d__Bacteria	p__Bacillota_A	c__Clostridia	o__Lachnospirales	f__Lachnospiraceae	g__RGIG5612	s__	83.88	0.56	1783631
EHA05391_bin.335	d__Bacteria	p__Planctomycetota	c__Planctomycetia	o__Pirellulales	f__Thermoguttaceae	g__RGIG3701	s__	76.72	1.29	1475814
EHA05391_bin.71	d__Bacteria	p__Bacillota_A	c__Clostridia	o__UBA1381	f__UBA1381	g__Avimonoglobus	s__	57.75	7.06	1934670
EHA05391_bin.193	d__Bacteria	p__Bacillota_A	c__Clostridia	o__Oscillospirales	f__Acutalibacteraceae	g__UMGS1487	s__	94.78	5.02	1170828
EHA05391_bin.33	d__Bacteria	p__Bacillota_A	c__Clostridia	o__Lachnospirales	f__Lachnospiraceae	g__Acetatifactor	s__	89.9	3.13	1070668
EHA05391_bin.232	d__Bacteria	p__Bacillota_A	c__Clostridia	o__Oscillospirales	f__Oscillospiraceae	g__Evtepia	s__	95.5	0.18	2419336
EHA05391_bin.637	d__Bacteria	p__Bacillota_A	c__Clostridia	o__Christensenellales	f__CAG-74	g__Limiplasma	s__	64.33	2.59	1921075
EHA05391_bin.504	d__Bacteria	p__Bacillota_A	c__Clostridia	o__Oscillospirales	f__CAG-272	g__UBA1740	s__	77	0.9	1993106
EHA05391_bin.215	d__Bacteria	p__Spirochaetota	c__Spirochaetia	o__Sphaerochaetales	f__Sphaerochaetaceae	g__Bullifex	s__	70.95	5.76	1758938
EHA05391_bin.282	d__Bacteria	p__Bacteroidota	c__Bacteroidia	o__Bacteroidales	f__W3P20-009	g__W3P20-009	s__	74.2	1.76	2495872
EHA05391_bin.691	d__Bacteria	p__Bacillota_A	c__Clostridia	o__Oscillospirales	f__Oscillospiraceae	g__UBA738	s__	57.93	7.43	1184352
EHA05391_bin.408	d__Bacteria	p__Bacillota_A	c__Clostridia	o__Oscillospirales	f__Ruminococcaceae	g__JAFBIO01	s__	96.46	1.95	1858174
EHA05391_bin.552	d__Bacteria	p__Bacillota	c__Bacilli	o__RF39	f__UBA660	g__UMGS1449	s__	89.62	4.74	2080196
EHA05391_bin.403	d__Bacteria	p__Bacillota_A	c__Clostridia	o__Christensenellales	f__QAND01	g__RGIG3178	s__	94.02	2.25	1706201
EHA05391_bin.354	d__Bacteria	p__Bacillota_A	c__Clostridia	o__Oscillospirales	f__Oscillospiraceae	g__Heteroscilispira	s__	54.92	0.36	1860448
EHA05391_bin.110	d__Bacteria	p__Bacillota_A	c__Clostridia	o__Christensenellales	f__CAG-74	g__SFTH01	s__	78.6	1.24	1432670
EHA05391_bin.646	d__Archaea	p__Halobacteriota	c__Methanomicrobia	o__Methanomicrobiales	f__Methanocorpusculaceae	g__Methanocorpusculum	s__	82.39	2.92	1994328
EHA05391_bin.269	d__Bacteria	p__Chloroflexota	c__Anaerolineae	o__Anaerolineales	f__Anaerolineaceae	g__Flexilinea	s__	90.8	2.63	2496410
EHA05391_bin.544	d__Bacteria	p__Bacillota_A	c__Clostridia	o__Oscillospirales	f__CAG-272	g__UBA1740	s__	65.5	0.05	879857
EHA05391_bin.235	d__Bacteria	p__Bacillota_B	c__Peptococcia	o__Peptococcales	f__Peptococcaceae	g__UBA7185	s__	82.19	1.99	1592908
EHA05391_bin.153	d__Bacteria	p__Bacillota_A	c__Clostridia	o__Oscillospirales	f__Acutalibacteraceae	g__CAG-488	s__	90.1	6.5	1879021
EHA05391_bin.450	d__Bacteria	p__Bacillota	c__Bacilli	o__RF39	f__UBA660	g__OMSK01	s__	93.57	0.12	2249936
EHA05391_bin.407	d__Bacteria	p__Bacillota_A	c__Clostridia	o__Oscillospirales	f__QAMX01	g__RUG11797	s__	90.52	0.47	1632151
EHA05391_bin.356	d__Bacteria	p__Bacillota_A	c__Clostridia	o__Oscillospirales	f__Oscillospiraceae	g__Faecousia	s__	97.72	1	2245669
EHA05391_bin.638	d__Bacteria	p__Bacillota_A	c__Clostridia	o__Christensenellales	f__CAG-74	g__SFTH01	s__	64.47	1.12	1371933
EHA05391_bin.198	d__Bacteria	p__Bacillota_A	c__Clostridia	o__Oscillospirales	f__Oscillospiraceae	g__UBA738	s__	82.37	1.54	2140922
EHA05391_bin.67	d__Bacteria	p__Actinomycetota	c__Coriobacteriia	o__Coriobacteriales	f__Eggerthellaceae	g__SIG42	s__	54.02	2.04	1482855
EHA05391_bin.528	d__Bacteria	p__Bacillota_B	c__Syntrophomonadia	o__Syntrophomonadales	f__CALXSZ01	g__CALXSZ01	s__	86.15	2.25	906547
EHA05391_bin.484	d__Bacteria	p__Bacteroidota	c__Bacteroidia	o__Bacteroidales	f__F082	g__Limimorpha	s__	84.57	5.69	1773691
EHA05391_bin.412	d__Bacteria	p__Bacillota_A	c__Clostridia	o__Peptostreptococcales	f__Anaerovoracaceae	g__	s__	80.86	2.39	1937564
EHA05391_bin.596	d__Bacteria	p__Bacillota_A	c__Clostridia	o__Lachnospirales	f__Lachnospiraceae	g__Bariatricus	s__	79.1	4.96	2676705
EHA05391_bin.308	d__Bacteria	p__Bacillota_A	c__Clostridia	o__Oscillospirales	f__Acutalibacteraceae	g__SIG598	s__	83.1	3.69	1997916
EHA05391_bin.26	d__Bacteria	p__Planctomycetota	c__Planctomycetia	o__Pirellulales	f__Thermoguttaceae	g__RUG369	s__	93.18	0	868047
EHA05391_bin.247	d__Bacteria	p__Bacillota_A	c__Clostridia	o__Christensenellales	f__CAG-74	g__Limiplasma	s__	83.78	3.51	1642211
EHA05391_bin.295	d__Bacteria	p__Bacillota_A	c__Clostridia	o__Christensenellales	f__CAG-74	g__	s__	93.97	0.25	1981041
EHA05391_bin.233	d__Bacteria	p__Bacillota_A	c__Clostridia	o__Christensenellales	f__CAG-74	g__Limiplasma	s__	96.72	1.25	1315996
EHA05391_bin.592	d__Bacteria	p__Bacillota_A	c__Clostridia	o__Christensenellales	f__UBA1242	g__	s__	74.93	5.07	1178012
EHA05391_bin.430	d__Bacteria	p__Bacillota_A	c__Clostridia	o__Oscillospirales	f__Acutalibacteraceae	g__RGIG2835	s__	98.44	1.12	1782078
EHA05391_bin.641	d__Bacteria	p__Bacillota_A	c__Clostridia	o__Oscillospirales	f__Oscillospiraceae	g__RGIG7114	s__	62.72	1	1112801
EHA05391_bin.241	d__Bacteria	p__Bacillota_A	c__Clostridia	o__Lachnospirales	f__Lachnospiraceae	g__Acetatifactor	s__	100	0.75	3070203
EHA05391_bin.270	d__Bacteria	p__Bacillota_A	c__Clostridia	o__Oscillospirales	f__Oscillospiraceae	g__Limivicinus	s__	79.97	0.2	1669760
EHA05391_bin.297	d__Bacteria	p__Spirochaetota	c__Spirochaetia	o__Treponematales	f__Treponemataceae	g__Treponema_D	s__	96.33	0.28	2152040
EHA05391_bin.621	d__Bacteria	p__Actinomycetota	c__Coriobacteriia	o__Coriobacteriales	f__Eggerthellaceae	g__CAKUOV01	s__	85.92	3.25	2217619
EHA05391_bin.238	d__Bacteria	p__Bacillota_A	c__Clostridia	o__Christensenellales	f__CAG-74	g__	s__	62.55	2.68	1157240
EHA05391_bin.536	d__Bacteria	p__Bacillota	c__Bacilli	o__RF39	f__UBA660	g__CAJOJO01	s__	75.6	6.57	2592151
EHA05391_bin.88	d__Bacteria	p__Bacteroidota	c__Bacteroidia	o__Bacteroidales	f__Bacteroidaceae	g__UBA6382	s__	97.93	0.24	1603814
EHA05391_bin.628	d__Bacteria	p__Campylobacterota	c__Campylobacteria	o__Campylobacterales	f__Campylobacteraceae	g__Campylobacter	s__	54.4	0.06	742398
EHA05391_bin.217	d__Bacteria	p__Bacillota	c__Bacilli	o__ML615J-28	f__CAG-313	g__CAG-313	s__	83.61	1.45	1719297
EHA05391_bin.7	d__Bacteria	p__Bacillota_A	c__Clostridia	o__Oscillospirales	f__Acutalibacteraceae	g__CAG-177	s__	76.33	3.43	647123
EHA05391_bin.194	d__Bacteria	p__Bacteroidota	c__Bacteroidia	o__Bacteroidales	f__Bacteroidaceae	g__UBA4372	s__	97.03	0.26	1658002
EHA05391_bin.385	d__Bacteria	p__Cyanobacteriota	c__Vampirovibrionia	o__Gastranaerophilales	f__Gastranaerophilaceae	g__	s__	94.15	0.71	2366756
EHA05391_bin.221	d__Bacteria	p__Bacillota	c__Bacilli	o__Erysipelotrichales	f__Erysipelotrichaceae	g__UBA636	s__	100	2.01	1125178
EHA05391_bin.300	d__Bacteria	p__Bacillota_A	c__Clostridia	o__Oscillospirales	f__JAAYOS01	g__CALXFK01	s__	83.78	5.39	1973000
EHA05391_bin.30	d__Bacteria	p__Verrucomicrobiota	c__Verrucomicrobiae	o__Opitutales	f__CAG-312	g__UMGS1490	s__UMGS1490 sp017629765	99.03	0.01	1961687
EHA05391_bin.633	d__Bacteria	p__Bacillota	c__Bacilli	o__RF39	f__UBA660	g__SIG204	s__	76.85	2.46	2058557
EHA05391_bin.185	d__Bacteria	p__Bacillota_A	c__Clostridia	o__TANB77	f__CAG-465	g__UMGS1649	s__	94.7	0	915887
EHA05391_bin.169	d__Bacteria	p__Bacteroidota	c__Bacteroidia	o__Bacteroidales	f__Paludibacteraceae	g__UBA4363	s__UBA4363 sp017937025	82.42	0.58	1741523
EHA05391_bin.573	d__Bacteria	p__Bacillota_A	c__Clostridia	o__Oscillospirales	f__Acutalibacteraceae	g__UBA1081	s__	95.22	1.37	946980
EHA05391_bin.667	d__Bacteria	p__Bacillota_A	c__Clostridia	o__TANB77	f__CAG-465	g__CALXJE01	s__	62.84	3.82	1928359
EHA05391_bin.364	d__Bacteria	p__Bacillota	c__Bacilli	o__RF39	f__UBA660	g__SIG204	s__	96.36	0.04	1553547
EHA05391_bin.451	d__Bacteria	p__Bacillota_A	c__Clostridia	o__TANB77	f__CAG-508	g__UMGS1754	s__	87.75	2.61	1405093
EHA05391_bin.16	d__Bacteria	p__Bacillota_A	c__Clostridia	o__Peptostreptococcales	f__Anaerovoracaceae	g__UBA1739	s__	94.97	0	2221919
EHA05391_bin.529	d__Bacteria	p__Bacillota_A	c__Clostridia	o__Lachnospirales	f__Lachnospiraceae	g__Paralachnospira	s__	100	0.06	1408888
EHA05391_bin.651	d__Bacteria	p__Bacillota_A	c__Clostridia	o__Christensenellales	f__CAG-74	g__UBA1224	s__	58.35	0.3	1007107
EHA05391_bin.383	d__Bacteria	p__Bacillota_A	c__Clostridia	o__Christensenellales	f__CAG-138	g__	s__	66.94	0.66	1501775
EHA05391_bin.597	d__Bacteria	p__Bacillota_A	c__Clostridia	o__Lachnospirales	f__Lachnospiraceae	g__MD308	s__	85.58	6.77	4900920
EHA05391_bin.229	d__Bacteria	p__Bacillota	c__Bacilli	o__Acholeplasmatales	f__Anaeroplasmataceae	g__Anaeroplasma	s__	83.04	4.26	1599492
EHA05391_bin.497	d__Bacteria	p__Bacillota_A	c__Clostridia	o__Lachnospirales	f__Lachnospiraceae	g__CAG-95	s__	86.47	1	1747504
EHA05391_bin.104	d__Bacteria	p__Spirochaetota	c__Spirochaetia	o__Treponematales	f__UBA12059	g__	s__	97.93	0.97	2341531
EHA05391_bin.174	d__Bacteria	p__Bacillota_A	c__Clostridia	o__Oscillospirales	f__CAG-272	g__UMGS1312	s__	91.69	4.61	1046700
EHA05391_bin.99	d__Bacteria	p__Spirochaetota	c__Spirochaetia	o__Treponematales	f__Treponemataceae	g__Treponema_D	s__	92.56	7.01	1460742
EHA05391_bin.47	d__Bacteria	p__Bacteroidota	c__Bacteroidia	o__Bacteroidales	f__Tenuifilaceae	g__RGIG6076	s__	97.78	0.37	2239495
EHA05391_bin.369	d__Bacteria	p__Bacillota_A	c__Clostridia	o__Lachnospirales	f__Lachnospiraceae	g__	s__	80.63	1.23	879227
EHA05391_bin.632	d__Bacteria	p__Bacillota_A	c__Clostridia	o__TANB77	f__CAG-465	g__UMGS1649	s__	91.83	0.59	2811803
EHA05391_bin.177	d__Bacteria	p__Bacillota_A	c__Clostridia	o__Oscillospirales	f__Oscillospiraceae	g__F23-B02	s__	94.51	4.53	1973557
EHA05391_bin.127	d__Bacteria	p__Pseudomonadota	c__Alphaproteobacteria	o__RF32	f__CAG-239	g__JAFUYI01	s__	98.86	1.06	1809098
EHA05391_bin.578	d__Bacteria	p__Bacteroidota	c__Bacteroidia	o__Bacteroidales	f__Paludibacteraceae	g__RF16	s__	84.05	1.17	1634138
EHA05391_bin.287	d__Bacteria	p__Bacillota_A	c__Clostridia	o__Christensenellales	f__MARSEILLE-P3954	g__RGIG9107	s__	86.17	2.33	2423183
EHA05391_bin.210	d__Bacteria	p__Bacillota_A	c__Clostridia	o__Christensenellales	f__Borkfalkiaceae	g__	s__	64.69	1.99	1307103
EHA05391_bin.195	d__Bacteria	p__Bacteroidota	c__Bacteroidia	o__Bacteroidales	f__Bacteroidaceae	g__Bacteroides	s__	91.62	2.44	2310963
EHA05391_bin.290	d__Bacteria	p__Bacillota_A	c__Clostridia	o__Christensenellales	f__CAG-74	g__UBA1224	s__	67.87	4.19	1644901
EHA05391_bin.474	d__Bacteria	p__Bacillota_A	c__Clostridia	o__Oscillospirales	f__CAG-272	g__QALR01	s__	94.09	1.09	2708522
EHA05391_bin.417	d__Bacteria	p__Bacillota	c__Bacilli	o__ML615J-28	f__CAG-698	g__CAKOMG01	s__	97.99	0.39	2011076
EHA05391_bin.152	d__Bacteria	p__Bacillota_A	c__Clostridia	o__Oscillospirales	f__Ruminococcaceae	g__CALXGT01	s__	100	0.54	1403033
EHA05391_bin.398	d__Bacteria	p__Bacillota_A	c__Clostridia	o__Oscillospirales	f__Ruminococcaceae	g__UBA866	s__	97.48	2.67	2385207
EHA05391_bin.4	d__Bacteria	p__Bacillota_A	c__Clostridia	o__Oscillospirales	f__Oscillospiraceae	g__Faecousia	s__	62.51	2.56	524854
EHA05391_bin.607	d__Bacteria	p__Actinomycetota	c__Coriobacteriia	o__Coriobacteriales	f__QAMH01	g__	s__	95.9	0.82	2856946
EHA05391_bin.570	d__Bacteria	p__Bacteroidota	c__Bacteroidia	o__Bacteroidales	f__Bacteroidaceae	g__UBA2918	s__	95.94	4.02	1013713
EHA05391_bin.69	d__Bacteria	p__Bacillota_A	c__Clostridia	o__Oscillospirales	f__Acutalibacteraceae	g__	s__	63.16	8.05	858376
EHA05391_bin.155	d__Bacteria	p__Bacillota	c__Bacilli	o__Lactobacillales	f__Streptococcaceae	g__Streptococcus	s__Streptococcus henryi	64.11	1.9	1598707
EHA05391_bin.389	d__Bacteria	p__Bacteroidota	c__Bacteroidia	o__Bacteroidales	f__UBA1715	g__UBA1715	s__	99.26	1.73	1949710
EHA05391_bin.371	d__Bacteria	p__Bacillota_A	c__Clostridia	o__Oscillospirales	f__CAG-272	g__HGM12713	s__	96.53	0.11	2000544
EHA05391_bin.94	d__Bacteria	p__Bacillota_A	c__Clostridia	o__Peptostreptococcales	f__Anaerovoracaceae	g__Lentihominibacter	s__	96.69	0.12	2201363
EHA05391_bin.525	d__Bacteria	p__Bacillota_A	c__Clostridia	o__Christensenellales	f__CAG-74	g__Limiplasma	s__	88.85	2.66	1062640
EHA05391_bin.512	d__Bacteria	p__Bacteroidota	c__Bacteroidia	o__Bacteroidales	f__Bacteroidaceae	g__Prevotella	s__	98.32	0.86	922311
EHA05391_bin.635	d__Bacteria	p__Bacillota	c__Bacilli	o__Erysipelotrichales	f__Erysipelotrichaceae	g__UBA636	s__	58.74	8.75	1220437
EHA05391_bin.550	d__Bacteria	p__Bacillota	c__Bacilli	o__RF39	f__UBA660	g__CAG-1000	s__	98.36	1.7	1823014
EHA05391_bin.250	d__Bacteria	p__Bacillota	c__Bacilli	o__RF39	f__UBA660	g__RUG705	s__	82.08	2.12	1573508
EHA05391_bin.239	d__Bacteria	p__Bacillota_B	c__Peptococcia	o__Peptococcales	f__Peptococcaceae	g__UBA7185	s__UBA7185 sp900756555	79.42	4.35	2716709
EHA05391_bin.75	d__Bacteria	p__Bacillota_A	c__Clostridia	o__Oscillospirales	f__Oscillospiraceae	g__Alloscillospira	s__	65.78	4.99	678814
EHA05391_bin.643	d__Bacteria	p__Bacillota_A	c__Clostridia	o__Oscillospirales	f__Oscillospiraceae	g__Faecousia	s__	75.92	2.31	2251805
EHA05391_bin.46	d__Bacteria	p__Bacillota_A	c__Clostridia	o__Oscillospirales	f__Oscillospiraceae	g__Faecousia	s__	86.53	0.13	1780032
EHA05391_bin.175	d__Bacteria	p__Pseudomonadota	c__Gammaproteobacteria	o__Burkholderiales	f__Burkholderiaceae_A	g__Sutterella	s__	78.68	2.78	1325623
EHA05391_bin.557	d__Bacteria	p__Bacillota_A	c__Clostridia	o__Lachnospirales	f__Lachnospiraceae	g__	s__	65.88	0.89	661818
EHA05391_bin.64	d__Bacteria	p__Bacteroidota	c__Bacteroidia	o__Bacteroidales	f__Bacteroidaceae	g__Prevotella	s__	67.08	4.08	895436
EHA05391_bin.392	d__Bacteria	p__Bacillota_B	c__Peptococcia	o__Peptococcales	f__Peptococcaceae	g__	s__	77.01	5.34	1328304
EHA05391_bin.359	d__Bacteria	p__Bacillota_A	c__Clostridia	o__Peptostreptococcales	f__Anaerovoracaceae	g__Lentihominibacter	s__	97.15	0.01	2150845
EHA05391_bin.52	d__Bacteria	p__Bacillota	c__Bacilli	o__Erysipelotrichales	f__Erysipelotrichaceae	g__RGIG5669	s__	94.68	0.11	2105159
EHA05391_bin.23	d__Bacteria	p__Bacillota_A	c__Clostridia	o__Oscillospirales	f__CAG-272	g__CAG-448	s__	97.55	7.27	2716922
EHA05391_bin.361	d__Bacteria	p__Bacillota_A	c__Clostridia	o__Lachnospirales	f__Lachnospiraceae	g__Acetatifactor	s__	96.89	0.02	1784412
EHA05391_bin.698	d__Bacteria	p__Bacillota	c__Bacilli	o__RF39	f__UBA660	g__Scybalousia	s__	97.95	1.23	2461398
EHA05391_bin.527	d__Bacteria	p__Bacillota_A	c__Clostridia	o__Peptostreptococcales	f__Anaerovoracaceae	g__Lentihominibacter	s__	94.76	1.32	1027851
EHA05391_bin.562	d__Bacteria	p__Bacillota_A	c__Clostridia	o__Lachnospirales	f__Lachnospiraceae	g__Acetatifactor	s__	78.46	2.65	2027262
EHA05391_bin.658	d__Bacteria	p__Bacillota_A	c__Clostridia	o__Christensenellales	f__UBA1242	g__Onthoplasma	s__	64.92	1.37	2958186
EHA05391_bin.378	d__Bacteria	p__Bacillota_A	c__Clostridia	o__Christensenellales	f__CAG-138	g__RGIG3141	s__	99.57	2.77	2117713
EHA05391_bin.191	d__Bacteria	p__Bacillota	c__Bacilli	o__ML615J-28	f__CAG-313	g__UBA1737	s__	66.44	1.61	1416101
EHA05391_bin.585	d__Bacteria	p__Bacillota_A	c__Clostridia	o__TANB77	f__CAG-508	g__CAG-269	s__	80.28	1.55	2056669
EHA05391_bin.456	d__Bacteria	p__Bacillota	c__Bacilli	o__RF39	f__UBA660	g__Aphodocola	s__	94.75	1.87	1255008
EHA05391_bin.271	d__Bacteria	p__Bacillota	c__Bacilli	o__ML615J-28	f__CAG-698	g__	s__	96.57	2.18	2106092
EHA05391_bin.565	d__Bacteria	p__Spirochaetota	c__Spirochaetia	o__Treponematales	f__Treponemataceae	g__Treponema_D	s__	98.47	0.45	2343484
EHA05391_bin.228	d__Bacteria	p__Bacillota	c__Bacilli	o__Acholeplasmatales	f__JAEDCM01	g__	s__	55.02	5.35	1386997
EHA05391_bin.542	d__Bacteria	p__Bacillota_A	c__Clostridia	o__Lachnospirales	f__Lachnospiraceae	g__Coprococcus_A	s__	74.07	0.56	1088943
EHA05391_bin.59	d__Bacteria	p__Bacillota_A	c__Clostridia	o__Lachnospirales	f__Lachnospiraceae	g__CAG-510	s__	94.57	0.31	1177518
EHA05391_bin.156	d__Bacteria	p__Bacillota_A	c__Clostridia	o__Lachnospirales	f__Lachnospiraceae	g__Acetatifactor	s__	82.94	3.2	954824
EHA05391_bin.224	d__Bacteria	p__Bacillota_A	c__Clostridia	o__Christensenellales	f__CAG-74	g__	s__	97.02	1.11	1682981
EHA05391_bin.499	d__Bacteria	p__Bacillota_A	c__Clostridia	o__Oscillospirales	f__CAJFTT01	g__	s__	95.1	0.33	2024237
EHA05391_bin.158	d__Bacteria	p__Verrucomicrobiota	c__Kiritimatiellia	o__RFP12	f__JAAYLN01	g__	s__	96.97	6.73	2591680
EHA05391_bin.112	d__Bacteria	p__Bacillota_A	c__Clostridia	o__Christensenellales	f__CAG-74	g__Excrementavichristensenella	s__	77.56	2.34	1376026
EHA05391_bin.140	d__Bacteria	p__Bacillota_A	c__Clostridia	o__Christensenellales	f__Borkfalkiaceae	g__HGM11412	s__	84.23	0.6	1558511
EHA05391_bin.84	d__Bacteria	p__Pseudomonadota	c__Gammaproteobacteria	o__Enterobacterales_A	f__Pasteurellaceae	g__Basfia_A	s__Basfia_A sp014843355	94.15	0.23	2018535
EHA05391_bin.122	d__Bacteria	p__Bacillota_A	c__Clostridia	o__Christensenellales	f__Borkfalkiaceae	g__UBA1259	s__	98.01	0.55	1458122
EHA05391_bin.319	d__Bacteria	p__Bacillota_A	c__Clostridia	o__Oscillospirales	f__CAG-272	g__QALR01	s__	99.38	0.18	2712925
EHA05391_bin.51	d__Bacteria	p__Bacillota_A	c__Clostridia	o__Lachnospirales	f__Lachnospiraceae	g__SZUA-448	s__	95.25	1.62	2117488
EHA05391_bin.625	d__Bacteria	p__Planctomycetota	c__SZUA-567	o__SZUA-567	f__SZUA-567	g__SZUA-421	s__	60.54	8.45	1082748
EHA05391_bin.471	d__Bacteria	p__Bacillota_A	c__Clostridia	o__Christensenellales	f__CAG-74	g__RUG11247	s__	93.72	0.82	3221178
EHA05391_bin.659	d__Bacteria	p__Bacillota_A	c__Clostridia	o__Lachnospirales	f__Lachnospiraceae	g__CAKRHR01	s__	53.98	7.19	2078234
EHA05391_bin.244	d__Bacteria	p__Bacillota_A	c__Clostridia	o__Oscillospirales	f__Ruminococcaceae	g__Angelakisella	s__	78.28	1.72	2056358
EHA05391_bin.211	d__Bacteria	p__Bacteroidota	c__Bacteroidia	o__Bacteroidales	f__UBA932	g__Cryptobacteroides	s__	90.1	3.54	1897991
EHA05391_bin.577	d__Bacteria	p__Bacteroidota	c__Bacteroidia	o__Bacteroidales	f__Paludibacteraceae	g__RF16	s__	99.7	1.23	2230073
EHA05391_bin.460	d__Bacteria	p__Bacillota_A	c__Clostridia	o__Oscillospirales	f__Oscillospiraceae	g__CAG-170	s__	69.51	4.31	947229
EHA05391_bin.566	d__Bacteria	p__Pseudomonadota	c__Alphaproteobacteria	o__Rickettsiales	f__UBA1997	g__CALXSC01	s__	72.11	0.97	1344661
EHA05391_bin.341	d__Bacteria	p__Bacillota_A	c__Clostridia	o__Oscillospirales	f__Oscillospiraceae	g__Faecousia	s__	98.82	1.06	1261289
EHA05391_bin.147	d__Bacteria	p__Bacillota_A	c__Clostridia	o__Christensenellales	f__CAG-74	g__	s__	93.01	1.89	2621990
EHA05391_bin.166	d__Bacteria	p__Bacillota_A	c__Clostridia	o__Oscillospirales	f__Oscillospiraceae	g__Limivicinus	s__	81.78	1.64	1910575
EHA05391_bin.131	d__Bacteria	p__Bacteroidota	c__Bacteroidia	o__Bacteroidales	f__P3	g__UBA1217	s__	88.7	1.63	1649587
EHA05391_bin.629	d__Bacteria	p__Bacillota	c__Bacilli	o__RF39	f__UBA660	g__Faecisoma	s__	57.78	0.98	1256603
EHA05391_bin.493	d__Bacteria	p__Bacillota_A	c__Clostridia	o__Oscillospirales	f__Oscillospiraceae	g__Limivicinus	s__	97.26	4.2	1858242
EHA05391_bin.513	d__Bacteria	p__Bacillota_A	c__Clostridia	o__Christensenellales	f__Christensenellaceae	g__SIG371	s__	83.51	1.5	1712732
EHA05391_bin.219	d__Bacteria	p__Bacillota_A	c__Clostridia	o__Christensenellales	f__UBA1242	g__	s__	98.82	0.38	1769061
EHA05391_bin.277	d__Bacteria	p__Bacillota	c__Bacilli	o__RF39	f__UBA660	g__Aphodocola	s__	83.99	7.49	1140425
EHA05391_bin.510	d__Bacteria	p__Bacillota_A	c__Clostridia	o__Oscillospirales	f__Oscillospiraceae	g__SIG495	s__	85.89	1.36	1637159
EHA05391_bin.521	d__Bacteria	p__Bacillota	c__Bacilli	o__RF39	f__UBA660	g__CAJOJO01	s__	55.53	0.32	1009353
EHA05391_bin.584	d__Bacteria	p__Bacillota	c__Bacilli	o__RF39	f__UBA660	g__UMGS1613	s__	98.55	1.26	2267735
EHA05391_bin.32	d__Bacteria	p__Bacillota_A	c__Clostridia	o__Oscillospirales	f__Acutalibacteraceae	g__SIG598	s__	96.5	0.49	1405266
EHA05391_bin.467	d__Bacteria	p__Bacillota_A	c__Clostridia	o__Oscillospirales	f__CAG-272	g__WREN01	s__	81.46	0.42	1462808
EHA05391_bin.405	d__Bacteria	p__Bacteroidota	c__Bacteroidia	o__Bacteroidales	f__UBA932	g__Bact-11	s__	70.3	2.25	1988874
EHA05391_bin.237	d__Bacteria	p__Bacillota_A	c__Clostridia	o__Christensenellales	f__CAG-74	g__RGIG2066	s__	95.36	0.45	1489780
EHA05391_bin.604	d__Bacteria	p__Bacillota	c__Bacilli	o__RF39	f__UBA660	g__RUG12783	s__	68.95	1.71	1417948
EHA05391_bin.311	d__Bacteria	p__Bacillota_A	c__Clostridia	o__Oscillospirales	f__Acutalibacteraceae	g__UMGS1487	s__	96.56	0.54	2191255
EHA05391_bin.496	d__Bacteria	p__Bacillota_A	c__Clostridia	o__Lachnospirales	f__Lachnospiraceae	g__RGIG8767	s__	84.49	7.26	1848120
EHA05391_bin.671	d__Bacteria	p__Bacillota	c__Bacilli	o__RF39	f__UBA660	g__RUG12783	s__	75.41	3.77	717169
EHA05391_bin.56	d__Bacteria	p__Bacillota_A	c__Clostridia	o__Oscillospirales	f__Acutalibacteraceae	g__UMGS1484	s__	94.37	0.29	1838675
EHA05391_bin.85	d__Bacteria	p__Bacteroidota	c__Bacteroidia	o__Bacteroidales	f__Paludibacteraceae	g__RGIG9608	s__	66.48	3.76	1719238
EHA05391_bin.349	d__Bacteria	p__Verrucomicrobiota	c__Kiritimatiellia	o__RFP12	f__UBA1067	g__RUG572	s__	90.01	6.44	1195845
EHA05391_bin.540	d__Bacteria	p__Bacillota_A	c__Clostridia	o__Oscillospirales	f__Oscillospiraceae	g__RUG678	s__	79.09	9.91	1163784
EHA05391_bin.476	d__Bacteria	p__Bacteroidota	c__Bacteroidia	o__Bacteroidales	f__Paludibacteraceae	g__W0P28-013	s__	96.51	0.61	2152632
EHA05391_bin.323	d__Bacteria	p__Bacteroidota	c__Bacteroidia	o__Bacteroidales	f__Rikenellaceae	g__Alistipes	s__	99.87	9.36	4080224
EHA05391_bin.357	d__Bacteria	p__Bacillota_A	c__Clostridia	o__Saccharofermentanales	f__Saccharofermentanaceae	g__Saccharofermentans	s__	89.66	0.08	1301461
EHA05391_bin.86	d__Bacteria	p__Bacillota_A	c__Clostridia	o__Peptostreptococcales	f__Anaerovoracaceae	g__JAKSSK01	s__	62.92	2.59	1364261
EHA05391_bin.626	d__Bacteria	p__Bacillota_A	c__Clostridia	o__Oscillospirales	f__Oscillospiraceae	g__Vescimonas	s__	54.64	0.79	671684
EHA05391_bin.19	d__Bacteria	p__Myxococcota	c__Bradymonadia	o__UBA4248	f__UBA4248	g__UBA4248	s__	76.3	0.01	1786620
EHA05391_bin.365	d__Bacteria	p__Bacillota	c__Bacilli	o__RF39	f__UBA660	g__RUG12783	s__	98.67	1.24	2629304
EHA05391_bin.38	d__Bacteria	p__Bacillota_A	c__Clostridia	o__Oscillospirales	f__Oscillospiraceae	g__Faecousia	s__	100	3.49	3569722
EHA05391_bin.572	d__Bacteria	p__Bacteroidota	c__Bacteroidia	o__Bacteroidales	f__P3	g__UBA1711	s__	90.76	3.09	1698014
EHA05391_bin.541	d__Bacteria	p__Bacillota_A	c__Clostridia	o__Oscillospirales	f__Acutalibacteraceae	g__CAG-177	s__	91.88	5.02	1154581
EHA05391_bin.105	d__Bacteria	p__Bacillota	c__Bacilli	o__RFN20	f__CAG-826	g__UBA3207	s__	96.35	0.64	1255403
EHA05391_bin.154	d__Bacteria	p__Bacillota_A	c__Clostridia	o__Christensenellales	f__UBA1242	g__UMGS1908	s__	97.49	1.09	2035371
EHA05391_bin.545	d__Bacteria	p__Bacillota_A	c__Clostridia	o__Oscillospirales	f__Acutalibacteraceae	g__CAG-488	s__	95.74	2.79	2025084
EHA05391_bin.316	d__Bacteria	p__Fibrobacterota	c__Fibrobacteria	o__Fibrobacterales	f__Fibrobacteraceae	g__Fibrobacter	s__	85.41	0.65	2030135
EHA05391_bin.145	d__Bacteria	p__Bacillota_A	c__Clostridia	o__Christensenellales	f__CAG-74	g__	s__	61.26	4.29	1287501
EHA05391_bin.618	d__Bacteria	p__Bacillota_A	c__Clostridia	o__TANB77	f__RGIG9151	g__RGIG9151	s__	70.34	2.52	726346
EHA05391_bin.466	d__Bacteria	p__Bacillota_A	c__Clostridia	o__Peptostreptococcales	f__Anaerovoracaceae	g__Emergencia	s__	76.98	0.72	2154172
EHA05391_bin.257	d__Bacteria	p__Bacillota	c__Bacilli	o__RF39	f__UBA660	g__UMGS1449	s__	95.27	2.09	1674800
EHA05391_bin.225	d__Bacteria	p__Bacillota_A	c__Clostridia	o__Oscillospirales	f__CAG-272	g__QALR01	s__	58.53	0.7	996967
EHA05391_bin.230	d__Bacteria	p__Bacillota	c__Bacilli	o__Acholeplasmatales	f__Anaeroplasmataceae	g__CAG-307	s__	97.16	4.89	1461634
EHA05391_bin.54	d__Bacteria	p__Bacillota_A	c__Clostridia	o__Oscillospirales	f__Acutalibacteraceae	g__RUG806	s__	95.7	6.99	1540240
EHA05391_bin.670	d__Bacteria	p__Bacillota_A	c__Clostridia	o__HGM11327	f__HGM11327	g__SIG351	s__	53.74	1.59	1026743
EHA05391_bin.20	d__Bacteria	p__Bacillota_A	c__Clostridia	o__Oscillospirales	f__Acutalibacteraceae	g__UBA737	s__	72.16	1.11	1639482
EHA05391_bin.276	d__Bacteria	p__Bacillota_A	c__Clostridia	o__TANB77	f__CAG-508	g__CAG-273	s__	98.44	0.05	1517416
EHA05391_bin.439	d__Bacteria	p__Bacillota_A	c__Clostridia	o__Christensenellales	f__CAG-138	g__SFEL01	s__	96.04	1.26	2803349
EHA05391_bin.142	d__Bacteria	p__Bacillota_C	c__Negativicutes	o__Acidaminococcales	f__Acidaminococcaceae	g__Phascolarctobacterium_A	s__	67.95	0.77	985054
EHA05391_bin.507	d__Bacteria	p__Bacillota_A	c__Clostridia	o__Christensenellales	f__UBA1242	g__Caccovivens	s__	91.33	1.56	2336160
EHA05391_bin.696	d__Bacteria	p__Bacillota	c__Bacilli	o__RF39	f__UBA660	g__JAEDJI01	s__	54.01	5.62	1716077
EHA05391_bin.279	d__Bacteria	p__Bacillota_A	c__Clostridia	o__Oscillospirales	f__Oscillospiraceae	g__Limivicinus	s__	96.06	6.06	1020059
EHA05391_bin.462	d__Bacteria	p__Bacillota_A	c__Clostridia	o__Oscillospirales	f__JAAYXM01	g__SIG480	s__	95.75	0.3	1471280
EHA05391_bin.537	d__Bacteria	p__Bacillota_A	c__Clostridia	o__TANB77	f__CAG-508	g__CALXUC01	s__	72.98	1.97	1799275
EHA05391_bin.182	d__Bacteria	p__Bacillota	c__Bacilli	o__RF39	f__UBA660	g__UMGS1449	s__	81.78	1.09	2567033
EHA05391_bin.422	d__Bacteria	p__Bacillota_A	c__Clostridia	o__Oscillospirales	f__Oscillospiraceae	g__RGIG7114	s__	57.28	3.56	1474345
EHA05391_bin.223	d__Bacteria	p__Bacillota_A	c__Clostridia	o__Oscillospirales	f__Oscillospiraceae	g__UBA1774	s__	98.78	0.3	1387626
EHA05391_bin.639	d__Bacteria	p__Bacillota_A	c__Clostridia	o__Oscillospirales	f__CAG-272	g__RGIG8775	s__	73.1	1.44	695913
EHA05391_bin.388	d__Bacteria	p__Bacillota_A	c__Clostridia	o__Christensenellales	f__Borkfalkiaceae	g__UBA1259	s__	95.44	0.06	1710366
EHA05391_bin.470	d__Bacteria	p__Bacillota_A	c__Clostridia	o__Oscillospirales	f__UMGS1384	g__CALWJF01	s__	59.62	0.24	1673167
EHA05391_bin.206	d__Bacteria	p__Bacillota_A	c__Clostridia	o__Oscillospirales	f__Oscillospiraceae	g__Vescimonas	s__	95.34	0.03	2326253
EHA05391_bin.28	d__Bacteria	p__Spirochaetota	c__Spirochaetia	o__Treponematales	f__Treponemataceae	g__UBA1240	s__	75.53	3.06	889884
EHA05391_bin.245	d__Bacteria	p__Bacillota_A	c__Clostridia	o__Oscillospirales	f__Ruminococcaceae	g__Fimivivens	s__	75.01	2.7	2062745
EHA05391_bin.324	d__Bacteria	p__Bacillota_A	c__Clostridia	o__Monoglobales	f__Firm-18	g__CAJLYO01	s__	63.91	0.88	1240545
EHA05391_bin.98	d__Bacteria	p__Bacillota_A	c__Clostridia	o__Christensenellales	f__QALW01	g__	s__	99.49	3.1	3507432
EHA05391_bin.133	d__Bacteria	p__Bacillota_A	c__Clostridia	o__Christensenellales	f__CAG-74	g__Limiplasma	s__	98.21	1.09	1846043
EHA05391_bin.345	d__Bacteria	p__Bacillota	c__Bacilli	o__RF39	f__UBA660	g__CAG-1193	s__	100	0.09	1515196
EHA05391_bin.130	d__Bacteria	p__Bacteroidota	c__Bacteroidia	o__Bacteroidales	f__UBA932	g__Cryptobacteroides	s__	80.25	1.14	2237012
EHA05391_bin.490	d__Bacteria	p__Bacillota_A	c__Clostridia	o__Christensenellales	f__CAG-74	g__RUG563	s__	96.22	2.87	1836098
EHA05391_bin.21	d__Bacteria	p__Bacillota_A	c__Clostridia	o__Christensenellales	f__UBA1242	g__UBA5489	s__	89.15	1	1913240
EHA05391_bin.432	d__Bacteria	p__Bacteroidota	c__Bacteroidia	o__Bacteroidales	f__Bacteroidaceae	g__UBA1179	s__	66.78	2.04	1378451
EHA05391_bin.314	d__Bacteria	p__Verrucomicrobiota	c__Kiritimatiellia	o__RFP12	f__UBA1067	g__RUG572	s__	98.71	1.88	1574207
EHA05391_bin.519	d__Bacteria	p__Bacillota	c__Bacilli	o__RF39	f__UBA660	g__RGIG4266	s__	92.94	0.07	2296741
EHA05391_bin.301	d__Bacteria	p__Bacillota_A	c__Clostridia	o__Lachnospirales	f__Lachnospiraceae	g__	s__	98.07	0.45	2108391
EHA05391_bin.558	d__Bacteria	p__Bacteroidota	c__Bacteroidia	o__Bacteroidales	f__ML635J-15	g__Bact-19	s__	87.18	1.27	1063978
EHA05391_bin.113	d__Bacteria	p__Bacillota_A	c__Clostridia	o__Christensenellales	f__Borkfalkiaceae	g__UBA1259	s__	93.01	3.47	2545221
EHA05391_bin.78	d__Bacteria	p__Bacillota_A	c__Clostridia	o__Oscillospirales	f__Acutalibacteraceae	g__UBA6857	s__	50.9	8.06	1452533
EHA05391_bin.160	d__Archaea	p__Thermoplasmatota	c__Thermoplasmata	o__Methanomassiliicoccales	f__Methanomethylophilaceae	g__SIG5	s__	83.34	9.53	1472191
EHA05391_bin.353	d__Bacteria	p__Bacillota_A	c__Clostridia	o__Oscillospirales	f__Acutalibacteraceae	g__UBA6857	s__	56.49	1.72	1877000
EHA05391_bin.531	d__Bacteria	p__Bacillota_A	c__Clostridia	o__Lachnospirales	f__Lachnospiraceae	g__Oliverpabstia	s__	78.51	0.15	2258768
EHA05391_bin.115	d__Bacteria	p__Bacillota_A	c__Clostridia	o__Christensenellales	f__Borkfalkiaceae	g__	s__	96.75	5.63	1149177
EHA05391_bin.294	d__Bacteria	p__Verrucomicrobiota	c__Kiritimatiellia	o__RFP12	f__UBA1067	g__RGIG6720	s__	98.61	0.02	1454957
EHA05391_bin.650	d__Bacteria	p__Bacillota_A	c__Clostridia	o__Peptostreptococcales	f__Anaerovoracaceae	g__CAG-238	s__	56.27	7.49	1501356
EHA05391_bin.205	d__Bacteria	p__Bacillota_A	c__Clostridia	o__Oscillospirales	f__CAG-272	g__QALR01	s__	94.57	0	1671939
EHA05391_bin.322	d__Bacteria	p__Desulfobacterota	c__Desulfovibrionia	o__Desulfovibrionales	f__Desulfovibrionaceae	g__Bilophila	s__Bilophila wadsworthia	80.25	4.65	1737242
EHA05391_bin.243	d__Bacteria	p__Bacillota_A	c__Clostridia	o__Oscillospirales	f__Acutalibacteraceae	g__CAG-488	s__	96.22	0.2	1387471
EHA05391_bin.620	d__Bacteria	p__Bacillota	c__Bacilli	o__RF39	f__UBA660	g__CAG-1193	s__	92.15	4.98	2596153
EHA05391_bin.567	d__Bacteria	p__Bacillota	c__Bacilli	o__RF39	f__UBA660	g__UMGS1449	s__	98.51	0.58	3740719
EHA05391_bin.60	d__Bacteria	p__Bacillota_A	c__Clostridia	o__Lachnospirales	f__Lachnospiraceae	g__Lachnoclostridium	s__	80.9	1.6	1545583
EHA05391_bin.25	d__Bacteria	p__Verrucomicrobiota	c__Lentisphaeria	o__Victivallales	f__Victivallaceae	g__UBA1784	s__	70.73	3.88	1993218
EHA05391_bin.676	d__Bacteria	p__Bacillota_A	c__Clostridia	o__TANB77	f__CAG-508	g__	s__	65.38	1.14	532136
EHA05391_bin.253	d__Bacteria	p__Bacillota_A	c__Clostridia	o__Oscillospirales	f__UMGS1384	g__CALWJF01	s__	92.29	4.82	1180726
EHA05391_bin.489	d__Bacteria	p__Bacillota_A	c__Clostridia	o__Christensenellales	f__CAG-138	g__RUG472	s__	96.04	1.9	2070204
EHA05391_bin.685	d__Bacteria	p__Bacillota	c__Bacilli	o__RFN20	f__CAG-826	g__RUG131	s__	84.86	0.09	1653798
EHA05391_bin.100	d__Bacteria	p__Spirochaetota	c__Spirochaetia	o__Treponematales	f__Treponemataceae	g__RGIG1711	s__	94.25	2.85	2426811
EHA05391_bin.48	d__Bacteria	p__Bacillota_A	c__Clostridia	o__Oscillospirales	f__Acutalibacteraceae	g__CAG-488	s__	96.14	0.05	1903464
EHA05391_bin.77	d__Bacteria	p__Bacillota_A	c__Clostridia	o__Oscillospirales	f__Oscillospiraceae	g__F23-B02	s__	91.87	0.12	1712774
EHA05391_bin.79	d__Bacteria	p__Bacillota_A	c__Clostridia	o__Christensenellales	f__CAG-138	g__RUG472	s__	96.63	0.64	2074626
EHA05391_bin.299	d__Bacteria	p__Bacillota_A	c__Clostridia	o__Oscillospirales	f__CAG-272	g__QALR01	s__	91.69	0.01	2291122
EHA05391_bin.380	d__Bacteria	p__Bacteroidota	c__Bacteroidia	o__Bacteroidales	f__UBA1402	g__	s__	93.62	2.34	979103
EHA05391_bin.165	d__Bacteria	p__Bacteroidota	c__Bacteroidia	o__Bacteroidales	f__Paludibacteraceae	g__RF16	s__	60.88	0.32	1444752
EHA05391_bin.381	d__Bacteria	p__Bacteroidota	c__Bacteroidia	o__Bacteroidales	f__WCHB1-69	g__JAFTCA01	s__	88.01	2.89	2285239
EHA05391_bin.309	d__Bacteria	p__Bacillota_A	c__Clostridia	o__Christensenellales	f__CAG-74	g__Limiplasma	s__	91.25	1.89	1730363
EHA05391_bin.63	d__Bacteria	p__Bacillota_A	c__Clostridia	o__Oscillospirales	f__CAG-272	g__CAG-272	s__CAG-272 sp900556615	53.42	2.69	1492113
EHA05391_bin.700	d__Bacteria	p__Bacillota_A	c__Clostridia	o__Oscillospirales	f__Oscillospiraceae	g__Dysosmobacter	s__	50.79	2.51	1261589
EHA05391_bin.65	d__Bacteria	p__Pseudomonadota	c__Gammaproteobacteria	o__Enterobacterales	f__Enterobacteriaceae	g__Escherichia	s__Escherichia coli	78.92	2.35	1121586
EHA05391_bin.326	d__Bacteria	p__Bacillota_A	c__Clostridia	o__TANB77	f__CAG-508	g__CAG-452	s__	80.06	6.36	2904967
EHA05391_bin.468	d__Bacteria	p__Bacillota_A	c__Clostridia	o__Lachnospirales	f__Anaerotignaceae	g__RGIG5631	s__	98.01	0.78	1954337
EHA05391_bin.62	d__Bacteria	p__Bacteroidota	c__Bacteroidia	o__Bacteroidales	f__Paludibacteraceae	g__UBA4345	s__	51.63	3.56	1727345
EHA05391_bin.515	d__Archaea	p__Thermoplasmatota	c__Thermoplasmata	o__Methanomassiliicoccales	f__Methanomethylophilaceae	g__UBA71	s__	72.76	2.13	1272917
EHA05391_bin.95	d__Bacteria	p__Bacillota_A	c__Clostridia	o__	f__	g__	s__	83.41	0.86	1919666
EHA05391_bin.617	d__Bacteria	p__Bacillota_A	c__Clostridia	o__Oscillospirales	f__Oscillospiraceae	g__RGIG6097	s__	90.15	0.81	4083351
EHA05391_bin.697	d__Bacteria	p__Bacillota_A	c__Clostridia	o__Eubacteriales	f__Anaerofustaceae	g__	s__	59.17	1.2	533704
EHA05391_bin.595	d__Bacteria	p__Bacillota_A	c__Clostridia	o__Oscillospirales	f__Acutalibacteraceae	g__UBA8612	s__	75.61	0.47	1876451
EHA05391_bin.415	d__Bacteria	p__Bacillota	c__Bacilli	o__RF39	f__UBA660	g__RUG14121	s__	95.28	2.47	2652002
EHA05391_bin.246	d__Bacteria	p__Bacillota_A	c__Clostridia	o__Christensenellales	f__UMGS416	g__	s__	52.18	0.39	1345282
EHA05391_bin.252	d__Bacteria	p__Bacillota_A	c__Clostridia	o__Oscillospirales	f__UMGS1384	g__UMGS1384	s__	93.98	1.85	2678492
EHA05391_bin.187	d__Bacteria	p__Bacillota_A	c__Clostridia	o__Oscillospirales	f__Oscillospiraceae	g__Vescimonas	s__	96.27	3.32	1188489
EHA05391_bin.260	d__Bacteria	p__Bacillota_A	c__Clostridia	o__Lachnospirales	f__Lachnospiraceae	g__Lachnoclostridium	s__	92.31	0.03	1173807
EHA05391_bin.502	d__Bacteria	p__Bacillota_A	c__Clostridia	o__Christensenellales	f__UBA1242	g__	s__	86.71	0.67	2263467
EHA05391_bin.406	d__Bacteria	p__Bacillota_A	c__Clostridia	o__Lachnospirales	f__Lachnospiraceae	g__UBA1066	s__	92.82	0.7	2175741
EHA05391_bin.387	d__Bacteria	p__Bacillota_A	c__Clostridia	o__Christensenellales	f__Borkfalkiaceae	g__UBA1259	s__	98.09	1.46	1942235
EHA05391_bin.402	d__Bacteria	p__Verrucomicrobiota	c__Kiritimatiellia	o__RFP12	f__UBA1067	g__UBA1067	s__	94.28	0.34	2255454
EHA05391_bin.583	d__Bacteria	p__Bacillota_A	c__Clostridia	o__TANB77	f__SIG350	g__SIG350	s__	98.67	0.67	2381006
EHA05391_bin.330	d__Bacteria	p__Bacillota_A	c__Clostridia	o__Oscillospirales	f__Oscillospiraceae	g__Vescimonas	s__	92.06	3.8	1071977
EHA05391_bin.305	d__Bacteria	p__Spirochaetota	c__Spirochaetia	o__Sphaerochaetales	f__Sphaerochaetaceae	g__Bullifex	s__	82.89	1.77	2297319
EHA05391_bin.539	d__Bacteria	p__Bacillota_A	c__Clostridia	o__Oscillospirales	f__Oscillospiraceae	g__UBA1246	s__	84.43	1.04	2091413
EHA05391_bin.399	d__Bacteria	p__Bacillota_A	c__Clostridia	o__Oscillospirales	f__CAG-272	g__UBA1740	s__	78.86	2.55	1378818
EHA05391_bin.649	d__Bacteria	p__Bacillota_A	c__Clostridia	o__Peptostreptococcales	f__Anaerovoracaceae	g__CAG-238	s__	62.09	1.16	1110203
EHA05391_bin.478	d__Bacteria	p__Bacillota	c__Bacilli	o__Erysipelotrichales	f__Erysipelotrichaceae	g__Bulleidia	s__	98.76	5.18	1604052
EHA05391_bin.645	d__Bacteria	p__Bacillota_A	c__Clostridia	o__Oscillospirales	f__UMGS1783	g__	s__	68.06	0.58	1508239
EHA05391_bin.199	d__Bacteria	p__Bacillota_A	c__Clostridia	o__Oscillospirales	f__Oscillospiraceae	g__Faecousia	s__	82.21	1.02	2795532
EHA05391_bin.414	d__Bacteria	p__Bacillota_A	c__Clostridia	o__Oscillospirales	f__Oscillospiraceae	g__JALEMS01	s__	83.09	2.12	1698781
EHA05391_bin.202	d__Bacteria	p__Bacillota_A	c__Clostridia	o__Christensenellales	f__HGM11417	g__	s__	78.59	1.5	1226709
EHA05391_bin.167	d__Bacteria	p__Bacillota_A	c__Clostridia	o__Oscillospirales	f__CAG-272	g__Flemingibacterium	s__	98.41	0.13	1981914
EHA05391_bin.280	d__Bacteria	p__Bacteroidota	c__Bacteroidia	o__Bacteroidales	f__UBA932	g__Cryptobacteroides	s__	70.66	0.39	951419
EHA05391_bin.589	d__Bacteria	p__Bacillota_A	c__Clostridia	o__Christensenellales	f__CAG-74	g__Egerieenecus	s__	72.04	2.72	972091
EHA05391_bin.680	d__Bacteria	p__Bacillota_A	c__Clostridia	o__Christensenellales	f__Borkfalkiaceae	g__RGIG4074	s__	76.81	5.87	1727318
EHA05391_bin.144	d__Bacteria	p__Bacillota_A	c__Clostridia	o__Christensenellales	f__CAG-74	g__SFTH01	s__	82	8.77	1478569
EHA05391_bin.687	d__Bacteria	p__Bacillota	c__Bacilli	o__Acholeplasmatales	f__Anaeroplasmataceae	g__Anaeroplasma	s__	72.05	3.98	1045426
EHA05391_bin.161	d__Bacteria	p__Bacteroidota	c__Bacteroidia	o__Bacteroidales	f__UBA932	g__Cryptobacteroides	s__	97.75	1.48	2262626
EHA05391_bin.425	d__Bacteria	p__Bacillota_A	c__Clostridia	o__Christensenellales	f__CAG-138	g__	s__	96.49	0.21	1945367
EHA05391_bin.207	d__Bacteria	p__Pseudomonadota	c__Gammaproteobacteria	o__Burkholderiales	f__Burkholderiaceae_A	g__Sutterella	s__	89.08	0.01	2288365
EHA05391_bin.481	d__Bacteria	p__Bacteroidota	c__Bacteroidia	o__Bacteroidales	f__UBA932	g__Cryptobacteroides	s__	87.64	3.9	1627090
EHA05391_bin.433	d__Bacteria	p__Pseudomonadota	c__Gammaproteobacteria	o__Burkholderiales	f__Burkholderiaceae	g__Oxalobacter	s__Oxalobacter sp017524145	94.86	1.16	1556458
EHA05391_bin.609	d__Bacteria	p__Bacillota_A	c__Clostridia	o__TANB77	f__CAG-508	g__CAG-273	s__	90.48	2.83	3136798
EHA05391_bin.320	d__Bacteria	p__Bacillota_A	c__Clostridia	o__Lachnospirales	f__Lachnospiraceae	g__	s__	96.69	0.94	2872424
EHA05391_bin.146	d__Bacteria	p__Bacillota_A	c__Clostridia	o__Christensenellales	f__CAG-74	g__	s__	97.32	5.38	2249708
EHA05391_bin.109	d__Bacteria	p__Bacillota_A	c__Clostridia	o__Oscillospirales	f__Oscillospiraceae	g__Faecousia	s__	97.54	2.02	2126297
EHA05391_bin.285	d__Bacteria	p__Bacillota_A	c__Clostridia	o__Christensenellales	f__CAG-74	g__Limiplasma	s__	97.79	0.16	2567311
EHA05391_bin.608	d__Bacteria	p__Bacillota_A	c__Clostridia	o__Christensenellales	f__Borkfalkiaceae	g__UBA1259	s__	99.95	0.58	1974060
EHA05391_bin.523	d__Bacteria	p__Bacillota_A	c__Clostridia	o__Christensenellales	f__UBA1242	g__UBA5489	s__	100	3.57	1344138
EHA05391_bin.411	d__Bacteria	p__Bacteroidota	c__Bacteroidia	o__Bacteroidales	f__UBA932	g__Bact-11	s__	97.05	0.25	2099255
EHA05391_bin.255	d__Bacteria	p__Bacteroidota	c__Bacteroidia	o__Bacteroidales	f__UBA932	g__Cryptobacteroides	s__	84.8	0.24	1796409
EHA05391_bin.259	d__Bacteria	p__Bacillota_A	c__Clostridia	o__Christensenellales	f__UBA1242	g__	s__	79.78	1.88	1692371
EHA05391_bin.548	d__Bacteria	p__Bacillota_A	c__Clostridia	o__Oscillospirales	f__Oscillospiraceae	g__Dysosmobacter	s__	87.15	2.08	2016969
EHA05391_bin.101	d__Bacteria	p__Campylobacterota	c__Campylobacteria	o__Campylobacterales	f__Campylobacteraceae	g__Campylobacter	s__	83.81	0.89	1342825
EHA05391_bin.423	d__Bacteria	p__Bacillota_A	c__Clostridia	o__Christensenellales	f__CAG-74	g__SFTH01	s__	99.87	0.22	1177814
EHA05391_bin.428	d__Bacteria	p__Bacillota_A	c__Clostridia	o__UBA1381	f__UBA1381	g__	s__	59.74	6.44	1489648
EHA05391_bin.22	d__Bacteria	p__Bacillota_A	c__Clostridia	o__Oscillospirales	f__Ruminococcaceae	g__	s__	93.25	0.1	1370501
EHA05391_bin.569	d__Bacteria	p__Bacteroidota	c__Bacteroidia	o__Bacteroidales	f__P3	g__UBA1711	s__	91.73	0.68	2225802
EHA05391_bin.642	d__Bacteria	p__Bacillota_A	c__Clostridia	o__Christensenellales	f__Borkfalkiaceae	g__UBA4675	s__	71.69	3.94	815462
EHA05391_bin.317	d__Bacteria	p__Bacillota_A	c__Clostridia	o__Oscillospirales	f__CAG-272	g__RGIG3994	s__	71.88	1.26	1657145
EHA05391_bin.688	d__Bacteria	p__Bacillota_A	c__Clostridia	o__Lachnospirales	f__Lachnospiraceae	g__Bariatricus	s__	78.04	5.52	1468221
EHA05391_bin.227	d__Bacteria	p__Bacillota_A	c__Clostridia	o__Peptostreptococcales	f__Peptostreptococcaceae	g__Terrisporobacter	s__	80.27	0.84	1934986
EHA05391_bin.125	d__Bacteria	p__Bacillota_A	c__Clostridia	o__Christensenellales	f__UBA1242	g__	s__	99.66	1.82	5246960
EHA05391_bin.601	d__Bacteria	p__Bacillota_A	c__Clostridia	o__Peptostreptococcales	f__Anaerovoracaceae	g__Lentihominibacter	s__	53.36	0.34	631083
EHA05391_bin.394	d__Bacteria	p__Bacillota_A	c__Clostridia	o__Oscillospirales	f__Oscillospiraceae	g__Faecousia	s__	57.47	1.81	1202653
EHA05391_bin.173	d__Bacteria	p__Bacillota_A	c__Clostridia	o__TANB77	f__	g__	s__	80.25	0.62	1641451
EHA05391_bin.686	d__Bacteria	p__Cyanobacteriota	c__Vampirovibrionia	o__Gastranaerophilales	f__Gastranaerophilaceae	g__UBA6984	s__	59.63	4.5	1629665
EHA05391_bin.485	d__Bacteria	p__Bacteroidota	c__Bacteroidia	o__Bacteroidales	f__UBA932	g__Cryptobacteroides	s__	89.94	4.38	1703773
EHA05391_bin.624	d__Bacteria	p__Bacillota_A	c__Clostridia	o__Oscillospirales	f__Oscillospiraceae	g__Faecousia	s__	58.35	6.39	1257441
EHA05391_bin.254	d__Bacteria	p__Bacillota_A	c__Clostridia	o__Oscillospirales	f__Acutalibacteraceae	g__	s__	96.46	4.66	1129616
EHA05391_bin.602	d__Bacteria	p__Bacillota_A	c__Clostridia	o__TANB77	f__CAG-508	g__	s__	87.8	3.21	2015090
EHA05391_bin.653	d__Bacteria	p__Bacillota_A	c__Clostridia	o__Oscillospirales	f__CAG-272	g__UBA1740	s__	52.21	0.89	835667
EHA05391_bin.108	d__Bacteria	p__Bacillota_A	c__Clostridia	o__Oscillospirales	f__Oscillospiraceae	g__	s__	99.32	4.33	2780758
EHA05391_bin.421	d__Bacteria	p__Bacillota_A	c__Clostridia	o__Christensenellales	f__CAG-74	g__SFTH01	s__	79.46	0.16	1233091
EHA05391_bin.50	d__Archaea	p__Thermoplasmatota	c__Thermoplasmata	o__Methanomassiliicoccales	f__Methanomethylophilaceae	g__Methanomethylophilus	s__	90.86	0.54	2013828
EHA05391_bin.434	d__Bacteria	p__Myxococcota	c__Myxococcia	o__Myxococcales	f__UBA5297	g__UBA1203	s__	95.15	0.5	4244806
EHA05391_bin.181	d__Bacteria	p__Bacillota_A	c__Clostridia	o__TANB77	f__CAG-508	g__CAG-452	s__	65.38	0.82	920572
EHA05391_bin.11	d__Archaea	p__Thermoplasmatota	c__Thermoplasmata	o__Methanomassiliicoccales	f__Methanomethylophilaceae	g__Methanomethylophilus	s__	61.2	1.45	1123807
EHA05391_bin.535	d__Bacteria	p__Bacillota	c__Bacilli	o__RF39	f__UBA660	g__RUG705	s__	92.56	3.49	1893096
EHA05391_bin.213	d__Bacteria	p__Bacteroidota	c__Bacteroidia	o__Bacteroidales	f__Paludibacteraceae	g__Aphodosoma	s__	93.22	1.03	1784839
EHA05391_bin.366	d__Bacteria	p__Bacillota_A	c__Clostridia	o__Lachnospirales	f__Lachnospiraceae	g__Clostridium_Q	s__	85.61	2.81	2186655
EHA05391_bin.441	d__Bacteria	p__Bacteroidota	c__Bacteroidia	o__Bacteroidales	f__Bacteroidaceae	g__Bacteroides	s__	80.96	0.08	2488873
EHA05391_bin.190	d__Bacteria	p__Bacillota	c__Bacilli	o__RF39	f__UBA660	g__RUG12783	s__	99.77	0.07	1599181
EHA05391_bin.375	d__Bacteria	p__Bacillota	c__Bacilli	o__Erysipelotrichales	f__Coprobacillaceae	g__Thomasclavelia	s__Thomasclavelia ramosa	79.66	2.11	1690724
EHA05391_bin.587	d__Bacteria	p__Bacillota_A	c__Clostridia	o__Oscillospirales	f__Ruminococcaceae	g__Fimivivens	s__Fimivivens sp014385025	96.29	0.49	1935035
EHA05391_bin.482	d__Bacteria	p__Bacillota_A	c__Clostridia	o__Peptostreptococcales	f__Anaerovoracaceae	g__RUG13409	s__	82.52	5.34	1613704
EHA05391_bin.268	d__Bacteria	p__Synergistota	c__Synergistia	o__Synergistales	f__Synergistaceae	g__Cloacibacillus	s__	89.25	0.59	2364161
EHA05391_bin.179	d__Bacteria	p__Bacillota_A	c__Clostridia	o__Oscillospirales	f__Oscillospiraceae	g__Heteroscilispira	s__	91.97	6.6	1807413
EHA05391_bin.281	d__Bacteria	p__Bacillota_A	c__Clostridia	o__Christensenellales	f__CAG-138	g__JAEDJH01	s__	93.57	1.98	2416722
EHA05391_bin.429	d__Bacteria	p__Bacillota_A	c__Clostridia	o__Oscillospirales	f__Acutalibacteraceae	g__	s__	86.98	3.29	1705245
EHA05391_bin.336	d__Bacteria	p__Bacteroidota	c__Bacteroidia	o__Bacteroidales	f__UBA932	g__Cryptobacteroides	s__	93.09	0.42	1719624
EHA05391_bin.2	d__Bacteria	p__Bacillota_A	c__Clostridia	o__Oscillospirales	f__Oscillospiraceae	g__	s__	70.27	1.68	1556355
EHA05391_bin.694	d__Bacteria	p__Bacillota_A	c__Clostridia	o__Lachnospirales	f__Lachnospiraceae	g__Lachnoclostridium_B	s__	50	5.87	1166362
EHA05391_bin.29	d__Bacteria	p__Fibrobacterota	c__Fibrobacteria	o__Fibrobacterales	f__Fibrobacteraceae	g__Fibrobacter	s__	77.79	0.97	1758957
EHA05391_bin.13	d__Bacteria	p__Bacillota_A	c__Clostridia	o__Oscillospirales	f__Acutalibacteraceae	g__RUG806	s__	80.64	1.89	2462959
EHA05391_bin.327	d__Bacteria	p__Bacillota	c__Bacilli	o__RF39	f__UBA660	g__CAG-710	s__	87.72	2.69	1970096
EHA05391_bin.171	d__Bacteria	p__Bacillota_A	c__Clostridia	o__TANB77	f__CAG-508	g__UMGS1933	s__	93.48	0.38	1817037
EHA05391_bin.265	d__Bacteria	p__Verrucomicrobiota	c__Kiritimatiellia	o__RFP12	f__	g__	s__	72.58	0.67	2179343
EHA05391_bin.384	d__Bacteria	p__Bacillota_A	c__Clostridia	o__Lachnospirales	f__Lachnospiraceae	g__RGIG6307	s__	80.81	3.71	2281015
EHA05391_bin.473	d__Bacteria	p__Bacillota_A	c__Clostridia	o__Oscillospirales	f__Acutalibacteraceae	g__JAGZMM01	s__	96.32	0.96	2432147
EHA05391_bin.480	d__Bacteria	p__Campylobacterota	c__Campylobacteria	o__Campylobacterales	f__Campylobacteraceae	g__Campylobacter	s__	86.57	4.9	1759297
EHA05391_bin.81	d__Bacteria	p__Bacillota_A	c__Clostridia	o__Lachnospirales	f__Lachnospiraceae	g__Faecalimonas	s__	93.73	2.49	3123485
EHA05391_bin.114	d__Bacteria	p__Bacillota_A	c__Clostridia	o__Christensenellales	f__UBA1242	g__UBA4647	s__	51.98	1.09	804730
EHA05391_bin.393	d__Bacteria	p__Spirochaetota	c__Spirochaetia	o__Treponematales	f__Treponemataceae	g__Treponema_D	s__	100	1.05	1980714
EHA05391_bin.598	d__Bacteria	p__Bacillota_A	c__Clostridia	o__Christensenellales	f__CAG-74	g__CAKUFI01	s__	100	1.67	1175631
EHA05391_bin.45	d__Bacteria	p__Bacteroidota	c__Bacteroidia	o__Bacteroidales	f__Bacteroidaceae	g__Prevotella	s__	98.85	0.2	1721140
EHA05391_bin.286	d__Bacteria	p__Bacillota_A	c__Clostridia	o__Christensenellales	f__CAG-74	g__Limiplasma	s__	70.59	1.28	1955658
EHA05391_bin.463	d__Bacteria	p__Bacillota_A	c__Clostridia	o__Monoglobales	f__UMGS1388	g__	s__	97.47	0	2048628
EHA05391_bin.483	d__Bacteria	p__Bacillota_A	c__Clostridia	o__Christensenellales	f__CAG-74	g__	s__	92.29	0.2	1418837
EHA05391_bin.184	d__Bacteria	p__Bacillota_A	c__Clostridia	o__TANB77	f__CAG-508	g__UMGS1754	s__	90.33	5.95	1151633
EHA05391_bin.616	d__Bacteria	p__Bacillota_A	c__Clostridia	o__Oscillospirales	f__CAG-272	g__UBA1740	s__	68.9	4.89	797520
EHA05391_bin.83	d__Bacteria	p__Bacillota_A	c__Clostridia	o__Christensenellales	f__UBA1242	g__Onthoplasma	s__	69.63	2.26	2209897
EHA05391_bin.128	d__Bacteria	p__Bacillota_A	c__Clostridia	o__Lachnospirales	f__Lachnospiraceae	g__RGIG8767	s__	68.19	1.78	1418447
EHA05391_bin.107	d__Bacteria	p__Bacillota_A	c__Clostridia	o__Lachnospirales	f__Lachnospiraceae	g__Oliverpabstia	s__	91.97	3.66	2265766
EHA05391_bin.284	d__Bacteria	p__Bacillota_A	c__Clostridia	o__Christensenellales	f__CAG-74	g__Limiplasma	s__	96.51	0.44	1708237
EHA05391_bin.306	d__Bacteria	p__Bacteroidota	c__Bacteroidia	o__Bacteroidales	f__UBA932	g__Cryptobacteroides	s__	91.81	0.43	1965637
EHA05391_bin.10	d__Bacteria	p__Verrucomicrobiota	c__Lentisphaeria	o__UBA1407	f__UBA1407	g__RGIG3456	s__	81.77	0.1	2766665
EHA05391_bin.57	d__Bacteria	p__Planctomycetota	c__Planctomycetia	o__Pirellulales	f__Thermoguttaceae	g__RUG369	s__	96.24	0.33	2203286
EHA05391_bin.656	d__Bacteria	p__Bacillota_A	c__Clostridia	o__Christensenellales	f__CAG-74	g__	s__	68.76	0.94	1356201
EHA05391_bin.373	d__Bacteria	p__Bacillota_A	c__Clostridia	o__Oscillospirales	f__CAG-382	g__UBA1206	s__	90.07	4.3	1736887
EHA05391_bin.438	d__Bacteria	p__Bacillota_A	c__Clostridia	o__Christensenellales	f__Christensenellaceae	g__	s__	99.99	0.43	1883099
EHA05391_bin.440	d__Bacteria	p__Bacteroidota	c__Bacteroidia	o__Bacteroidales	f__Bacteroidaceae	g__Bacteroides	s__	97.57	0.02	1834591
EHA05391_bin.3	d__Bacteria	p__Bacillota_B	c__Dehalobacteriia	o__UBA7702	f__UBA7702	g__Cryptoclostridium	s__Cryptoclostridium sp019415505	77.22	1.74	1879456
EHA05391_bin.226	d__Bacteria	p__Bacillota_A	c__Clostridia	o__Oscillospirales	f__CAG-272	g__QALR01	s__	92.18	0	2401044
EHA05391_bin.157	d__Bacteria	p__Bacillota_A	c__Clostridia	o__Oscillospirales	f__CAG-272	g__UMGS1696	s__	76.39	1.46	1904207
EHA05391_bin.236	d__Bacteria	p__Bacillota_A	c__Clostridia	o__Christensenellales	f__CAG-74	g__Limiplasma	s__	78.19	4.27	2659349
EHA05391_bin.192	d__Bacteria	p__Verrucomicrobiota	c__Lentisphaeria	o__UBA1407	f__UBA1407	g__Tb-RUG-53	s__	91.36	4.47	3135916
EHA05391_bin.302	d__Bacteria	p__Spirochaetota	c__Spirochaetia	o__Treponematales	f__Treponemataceae	g__Treponema_D	s__	97.07	0	1999485
EHA05391_bin.488	d__Bacteria	p__Bacillota_A	c__Clostridia	o__Oscillospirales	f__Oscillospiraceae	g__Faecousia	s__	65.57	0.35	1870787
EHA05391_bin.514	d__Bacteria	p__Bacillota_A	c__Clostridia	o__Oscillospirales	f__CAG-272	g__CAG-448	s__	88.33	2.61	1441846
EHA05391_bin.261	d__Bacteria	p__Bacillota_A	c__Clostridia	o__Lachnospirales	f__Lachnospiraceae	g__Schaedlerella	s__	96.54	3.18	1131939
EHA05391_bin.627	d__Bacteria	p__Bacillota_A	c__Clostridia	o__Lachnospirales	f__Lachnospiraceae	g__SIG293	s__	99.42	1.16	2871803
EHA05391_bin.106	d__Bacteria	p__Bacillota_A	c__Clostridia	o__Christensenellales	f__CAG-74	g__	s__	60.61	3.73	2224842
EHA05391_bin.648	d__Bacteria	p__Bacillota_A	c__Clostridia	o__Christensenellales	f__CALWSW01	g__	s__	58.41	1.99	1302497
EHA05391_bin.159	d__Bacteria	p__Bacteroidota	c__Bacteroidia	o__Bacteroidales	f__Muribaculaceae	g__Sodaliphilus	s__	90.53	1.91	2954239
EHA05391_bin.41	d__Bacteria	p__Campylobacterota	c__Campylobacteria	o__Campylobacterales	f__Campylobacteraceae	g__Campylobacter_D	s__	86.14	2.42	1847449
EHA05391_bin.581	d__Bacteria	p__Bacillota_A	c__Clostridia	o__TANB77	f__CAG-508	g__UMGS1754	s__	82.81	2.17	1455859
EHA05391_bin.18	d__Bacteria	p__Bacteroidota	c__Bacteroidia	o__Bacteroidales	f__Paludibacteraceae	g__RGIG10190	s__	83.08	8.69	1842113
EHA05391_bin.55	d__Bacteria	p__Spirochaetota	c__Spirochaetia	o__Treponematales	f__Treponemataceae	g__	s__	80.55	5.51	1933565
EHA05391_bin.588	d__Bacteria	p__Bacillota_A	c__Clostridia	o__Oscillospirales	f__Oscillospiraceae	g__Evtepia	s__	88.84	4.66	1037952
EHA05391_bin.446	d__Bacteria	p__Verrucomicrobiota	c__Kiritimatiellia	o__RFP12	f__UBA3636	g__JAAZAI01	s__	82.63	0.12	2118116
EHA05391_bin.12	d__Bacteria	p__Bacillota_A	c__Clostridia	o__UBA1212	f__SIG427	g__SIG427	s__	92.06	0.6	1882217
